id_orig;id_new;Actors_general;Consumers,_Users;Entrepreneurs;Grassroots;Incumbents;Intermediaries;Networks,_Supply_Chains;Capitalism;Alternative_trajectories;Directionality;Finance;Green_growth;Infrastructure;Framing,_Visions;Inst._arrangements;Inst._Work;Instit._embedding;Values,_IL,_Legitimacy;Just_transitions;Landscape;Learning;Business_Models;Innovation_Management;Leadership;Market;Strategy;Niche;Policies;Politics,_Power;Practice;Public_Opinion;Resources,CE;Socio-tech_Regime;Local,_Place;Region;Scale;Urban;Business_Admin;Critical_Perspectives;Economics;Engineering_Modelling;Geography;Law;MLP;Political_Sciences;Psychology;Public_Adminstration;SNM;Socio-ecological_systems;Sociology;TEP;TIS;Transition_Management
Alkemade et al 2011;ALKEMADE_F_2011_TRANSITION_POLICY_AND_INN;0;0;0;0;0;0;0;0;0;0;0;0;0;0;0;0;0;0;0;0;0;0;0;0;0;0;0;0;0;0;0;0;0;0;0;0;0;0;0;0;0;0;0;0;0;0;0;0;0;0;0;1;0
Azar & Sandén 2011;;0;0;0;0;0;0;0;0;0;0;0;0;0;0;0;0;0;0;0;0;0;0;0;0;0;0;0;0;0;0;0;0;0;0;0;0;0;0;0;0;0;0;0;0;0;0;0;0;0;0;0;1;0
Barbier 2011;BARBIER_EB_2011_TRANSACTION_COSTS_AND_THE;0;0;0;0;0;0;0;0;0;0;0;0;0;0;1;0;0;0;0;0;0;0;0;0;0;0;0;0;0;0;0;0;0;0;0;0;0;0;0;1;0;0;0;0;0;0;0;0;0;0;0;0;0
Coenen 2011 ;;0;0;0;0;0;0;0;0;0;0;0;0;0;0;0;0;0;0;0;0;0;0;0;0;0;0;0;0;0;0;0;0;0;0;0;0;0;0;0;0;0;0;0;0;0;0;0;0;0;0;0;0;0
Fischer-Kowalski 2011;FISCHER_KOWALSKI_M_2011_ANALYZING_SUSTAINABILITY;0;0;0;0;0;0;0;0;0;0;0;0;0;0;0;0;0;0;0;0;0;0;0;0;0;0;0;0;0;0;0;0;0;0;0;1;0;0;0;0;0;0;0;0;0;0;0;0;1;0;0;0;0
Geels 2011 (1);GEELS_FW_2011_THE_MULTI_LEVEL_PERSPECTI;0;1;0;0;0;0;0;0;0;0;0;0;0;0;0;0;0;0;0;1;0;0;0;0;0;0;1;0;1;0;0;0;1;0;0;0;0;0;0;0;0;0;0;1;0;0;0;0;0;0;0;0;0
Geels 2011 (2);;0;0;0;0;0;0;0;0;0;0;0;0;0;0;0;0;0;0;0;0;0;0;0;0;0;0;0;0;0;0;0;0;0;0;0;0;0;0;0;0;0;0;0;0;0;0;0;0;0;0;0;0;0
Grin et al 2011;GRIN_J_2011_ON_PATTERNS_AND_AGENCY_IN;0;0;0;0;0;0;0;0;0;0;0;0;0;0;0;0;0;0;0;0;0;0;0;0;0;0;0;0;1;0;0;0;0;0;0;0;0;0;0;0;1;0;0;0;0;0;0;0;0;0;0;0;0
Guy 2011;GUY_S_2011_DESIGNING_FLUID_FUTURES;0;0;0;0;0;0;0;0;0;0;0;0;0;0;0;0;0;0;0;0;0;0;1;0;0;0;0;0;0;0;0;0;0;0;0;0;0;0;1;0;0;0;0;0;0;0;0;0;0;0;0;0;0
Holtz 2011;HOLTZ_G_2011_MODELLING_TRANSITIONS_AN;0;0;0;0;0;0;0;0;0;0;0;0;0;0;0;0;0;0;0;0;0;0;0;0;0;0;0;0;0;0;0;0;0;0;0;0;0;0;0;0;1;0;0;0;0;0;0;0;0;0;0;0;0
Jackson & Victor 2011;JACKSON_T_2011_PRODUCTIVITY_AND_WORK_IN;0;0;0;0;0;0;0;0;0;0;0;0;0;0;0;0;0;0;0;0;0;0;0;0;0;0;0;0;0;0;0;1;0;0;0;0;0;0;1;0;0;0;0;0;0;0;0;0;0;0;0;0;0
Jacobsson & Bergek 2011;JACOBSSON_S_2011_INNOVATION_SYSTEM_ANALYSE;0;0;0;0;0;0;0;0;0;0;0;0;0;0;0;0;0;0;0;0;0;0;0;0;0;0;0;0;0;0;0;0;0;0;0;0;0;0;0;0;0;0;0;0;0;0;0;0;0;0;0;1;0
Jerneck & Olsson 2011;JERNECK_A_2011_BREAKING_OUT_OF_SUSTAINAB;0;0;0;0;0;0;0;0;0;0;0;0;0;1;0;0;0;1;1;0;0;0;0;0;0;0;0;0;1;0;1;0;0;0;0;0;0;0;0;0;0;0;0;0;0;0;0;0;0;1;0;0;0
Jupesta et al 2011;JUPESTA_J_2011_MANAGING_THE_TRANSITION_T;0;0;0;0;0;0;0;0;1;0;0;1;0;0;0;0;0;0;0;0;0;0;0;0;0;0;0;1;0;0;0;0;0;0;0;0;0;0;0;1;0;0;0;0;0;0;0;0;0;0;0;0;0
Kemp & Van Lente 2011;;0;1;0;0;0;0;0;0;0;0;0;0;0;0;0;0;0;1;0;0;0;0;0;0;0;0;0;0;0;0;0;0;0;0;0;0;0;0;1;0;0;0;0;1;0;0;0;0;0;0;0;0;0
Luthea & Schläpfer 2011;LUTHEA_T_2011_EFFECTS_OF_THIRD_PARTY_IN;0;1;0;0;0;0;0;0;0;0;0;0;0;0;0;0;0;0;0;0;0;0;0;0;0;0;0;0;0;0;0;0;0;0;0;0;0;0;0;1;0;0;0;0;0;1;0;0;0;0;0;0;0
Meadowcroft 2011;MEADOWCROFT_J_2011_ENGAGING_WITH_THE_POLITIC;0;0;0;0;0;0;0;0;0;0;0;0;0;0;0;0;0;0;0;0;0;0;0;0;0;0;0;0;1;0;0;0;0;0;0;0;0;0;0;0;0;0;0;0;1;0;0;0;0;0;0;0;0
Ménard 2011;;0;0;0;0;0;0;0;0;0;0;0;0;0;0;1;0;0;0;0;0;0;0;0;0;0;0;0;0;0;0;0;0;0;0;0;0;0;0;0;1;0;0;0;0;0;0;0;0;0;0;0;0;0
Rietveld 2011;RIETVELD_P_2011_TELEWORK_AND_THE_TRANSITI;0;1;0;0;0;0;0;0;0;0;0;0;0;0;0;0;0;0;1;0;0;0;0;0;0;0;0;0;0;0;0;1;0;0;0;0;0;0;0;1;0;0;0;0;0;0;0;0;0;0;0;0;0
Rose 2011;ROSE_A_2011_RESILIENCE_AND_SUSTAINABI;0;0;0;0;0;0;0;0;0;0;0;0;0;0;0;0;0;0;0;0;0;0;0;0;0;0;0;0;0;0;0;1;0;0;0;0;0;0;0;0;0;0;0;0;0;0;0;0;1;0;0;0;0
Ruth et al 2011;RUTH_M_2011_SUSTAINABLE_PROSPERITY_AN;0;0;0;0;0;0;0;0;0;0;0;0;0;0;0;0;0;0;0;0;0;0;0;0;0;0;0;0;0;0;0;1;0;0;0;0;0;0;0;0;0;0;0;0;0;0;0;0;1;0;0;0;0
Stirling 2011;STIRLING_A_2011_PLURALISING_PROGRESS_FRO;0;0;0;0;0;0;0;0;0;0;0;0;0;0;0;0;0;0;1;0;0;0;0;0;0;0;0;0;0;0;0;0;0;0;0;0;0;0;1;0;0;0;0;0;0;0;0;0;0;0;0;0;0
Tainter 2011;TAINTER_JA_2011_ENERGY_COMPLEXITY_AND_S;0;0;0;0;0;0;0;0;0;0;0;0;0;0;0;0;0;0;0;0;0;0;0;0;0;0;0;0;0;0;0;0;0;0;0;0;0;0;0;0;0;0;0;0;0;0;0;0;0;0;0;0;0
Van Den Bergh et al 2011;VAN_DEN_BERGH_JCJM_2011_ENVIRONMENTAL_INNOVATION;0;1;0;0;0;0;0;0;0;0;0;0;0;0;0;0;0;0;0;0;0;0;0;0;0;0;1;0;0;0;0;1;1;0;0;0;0;0;0;0;0;0;0;1;0;0;0;1;0;0;0;1;1
Van Der Ploeg 2011;VAN_DER_PLOEG_F_2011_MACROECONOMICS_OF_SUSTAIN;0;0;0;0;0;0;0;0;0;0;0;0;0;0;0;0;0;0;0;0;0;0;0;0;0;0;0;1;0;0;0;1;0;0;0;0;0;0;0;1;0;0;0;0;0;0;0;0;0;0;0;0;0
Witt 2011;WITT_U_2011_THE_DYNAMICS_OF_CONSUMER;0;1;0;0;0;0;0;0;0;0;0;0;0;0;0;0;0;0;0;0;0;0;0;0;0;0;0;0;0;0;0;0;0;0;0;0;0;0;0;1;0;0;0;0;0;1;0;0;0;0;0;0;0
Ashford et al 2012;ASHFORD_NA_2012_THE_CRISIS_IN_EMPLOYMENT;0;0;0;0;0;0;0;0;0;0;1;1;0;0;0;0;0;0;1;0;0;0;0;0;0;0;0;0;0;0;0;0;0;0;0;0;0;0;0;1;0;0;0;0;0;0;0;0;0;0;0;0;0
Broto 2012;BROTO_VC_2012_SOCIAL_HOUSING_AND_LOW_CA;0;0;0;0;0;0;0;0;0;0;0;0;0;0;0;0;0;0;1;0;0;0;0;0;0;0;1;0;0;0;0;0;0;0;0;0;1;0;1;0;0;1;0;0;0;0;0;0;0;0;0;0;0
Daim et al 2012;DAIM_TU_2012_EVALUATION_OF_ENERGY_STOR;0;0;0;0;0;0;0;0;0;0;0;0;0;0;0;0;0;0;0;0;0;0;0;0;0;0;0;0;0;0;0;0;1;0;0;0;0;0;0;0;1;0;0;0;0;0;0;0;0;0;0;0;0
Elzen et al 2012;ELZEN_B_2012_ANCHORING_OF_INNOVATIONS;0;0;0;0;0;1;1;0;0;0;0;0;0;0;0;0;1;0;0;1;0;0;0;0;0;0;1;0;0;0;0;0;1;0;0;0;0;0;0;0;0;0;0;1;0;0;0;0;0;0;0;0;0
Frenken et al 2012;FRENKEN_K_2012_BRANCHING_INNOVATION_REC;0;0;0;0;0;0;0;0;0;0;0;0;0;0;0;0;0;0;0;0;0;0;0;0;0;0;0;0;0;0;0;0;0;0;0;0;0;0;0;0;0;1;0;0;0;0;0;0;0;0;0;1;0
Hawkey 2012;HAWKEY_DJC_2012_DISTRICT_HEATING_IN_THE_U;0;0;0;0;0;0;0;0;0;0;0;0;0;0;0;0;0;0;0;0;0;0;0;0;0;0;1;0;0;0;0;0;0;0;0;1;1;0;0;0;0;1;0;0;0;0;0;0;0;0;0;1;0
Jacobsson & Jacobsson 2012;JACOBSSON_R_2012_THE_EMERGING_FUNDING_GAP;0;0;0;0;0;0;0;0;0;0;1;0;0;0;0;0;0;0;0;0;0;0;0;0;0;0;0;0;0;0;0;0;0;0;0;0;0;0;0;0;1;0;0;0;0;0;0;0;0;0;0;1;0
Jensen 2012;JENSEN_JS_2012_FRAMING_OF_REGIMES_AND_TR;0;0;0;0;0;0;0;0;0;0;0;0;0;1;0;0;0;0;0;0;0;0;0;0;0;0;0;0;1;0;0;0;1;0;0;0;0;0;0;0;0;0;0;0;0;0;0;0;0;1;0;0;0
Johansson et al 2012;JOHANSSON_N_2012_TRANSFORMING_DUMPS_INTO_G;0;0;1;0;0;0;0;0;0;0;0;0;0;0;0;0;0;0;0;0;0;0;0;0;0;1;0;0;0;0;0;1;1;0;0;0;0;1;0;0;1;0;0;0;0;0;0;0;0;0;0;0;0
Karltorp & Sandén 2012;KARLTORP_K_2012_EXPLAINING_REGIME_DESTABI;0;0;0;0;0;0;0;0;1;0;0;0;0;0;0;0;0;0;0;0;0;0;0;0;0;1;0;0;0;0;0;1;1;0;0;0;0;0;0;0;0;0;0;0;0;0;0;0;0;0;0;1;0
Köhler 2012;KHLER_J_2012_A_COMPARISON_OF_THE_NEO_S;0;0;0;0;0;0;0;1;0;0;0;0;0;0;0;0;0;0;0;0;0;0;0;0;0;0;1;0;0;0;0;0;1;0;0;0;0;0;0;0;0;0;0;1;0;0;0;1;0;0;1;0;0
Nææss & Vogel 2012;NSS_P_2012_SUSTAINABLE_URBAN_DEVELOP;0;0;0;0;0;0;0;0;0;0;0;0;0;0;0;0;0;0;0;1;0;0;0;0;0;0;1;0;0;0;0;0;1;0;0;0;1;0;1;0;0;0;0;1;0;0;0;0;0;0;0;0;0
Nastar & Ramasar 2012;NASTAR_M_2012_TRANSITION_IN_SOUTH_AFRIC;0;1;0;0;0;0;0;0;1;0;0;0;0;0;1;0;0;0;1;0;0;1;0;0;0;0;0;0;1;0;0;0;0;0;0;0;0;0;1;0;0;0;0;0;0;0;0;0;0;0;0;0;0
Nilsson et al 2012;NILSSON_M_2012_HOW_DO_WE_GOVERN_SUSTAINA;1;0;0;0;0;0;0;0;0;0;0;0;0;0;1;0;0;0;0;0;0;0;0;0;0;0;0;0;0;0;0;0;1;0;0;0;0;0;0;0;0;0;0;0;0;0;0;0;0;0;0;1;0
Papachristos 2011;PAPACHRISTOS_G_2011_A_SYSTEM_DYNAMICS_MODEL_O;0;0;0;0;0;0;0;0;0;0;0;0;0;0;0;0;0;0;0;1;0;0;0;0;0;0;1;0;0;0;0;0;1;0;0;0;0;0;0;0;0;0;0;1;0;0;0;0;0;0;0;0;0
Ravena et al 2012;RAVENA_R_2012_SPACE_AND_SCALE_IN_SOCIO;0;0;0;0;0;0;0;0;0;0;0;0;0;0;0;0;0;0;0;1;0;0;0;0;0;0;1;0;0;0;0;0;1;0;0;1;0;0;0;0;0;1;0;1;0;0;0;0;0;0;0;0;0
Schmidt et al 2012;SCHMIDT_TS_2012_THE_EFFECTS_OF_CLIMATE_PO;0;0;0;0;0;0;0;0;0;0;1;0;0;0;0;0;0;0;0;0;0;0;0;0;0;1;0;1;0;0;0;0;0;0;0;0;0;1;0;0;1;0;0;0;0;0;0;0;0;0;0;1;0
Schneidewind & Augenstein 2012;SCHNEIDEWIND_U_2012_ANALYZING_A_TRANSITION_TO;0;0;0;0;0;0;0;0;0;0;0;0;0;0;0;0;0;0;0;1;0;0;0;0;0;0;1;0;0;0;0;0;1;0;0;0;0;0;0;0;0;0;0;1;0;0;0;0;0;0;0;0;0
Sierzchula et al 2012;SIERZCHULA_W_2012_THE_COMPETITIVE_ENVIRONME;0;1;0;0;0;0;0;0;1;0;0;0;0;0;0;0;0;0;0;0;0;0;1;0;0;1;0;0;0;0;0;0;0;0;0;0;0;0;0;0;1;0;0;0;0;0;0;0;0;0;0;0;0
Van Den Bergh 2012 ;;0;0;0;0;0;0;0;0;0;0;0;0;0;0;0;0;0;0;0;0;0;0;0;0;0;0;0;0;0;0;0;0;0;0;0;0;0;0;0;0;0;0;0;0;0;0;0;0;0;0;0;0;0
Van Der Vooren et al 2012;VAN_DER_VOOREN_A_2012_EFFECTIVE_PUBLIC_RESOURCE;0;0;0;0;0;0;0;0;0;0;0;0;0;0;0;0;0;0;0;0;0;0;0;0;0;0;0;0;0;0;0;0;0;0;0;0;0;0;0;0;1;0;0;0;0;0;0;0;0;0;0;0;0
Xia & Pahl-Wostl 2012;XIA_C_2012_UNDERSTANDING_THE_DEVELOP;0;0;0;0;0;0;0;0;0;0;0;0;0;0;0;0;0;0;0;0;1;0;0;0;0;0;0;0;0;0;0;1;1;0;0;0;0;0;0;0;0;1;0;0;0;0;0;0;1;0;0;0;0
Antal & Van Den Bergh 2013;ANTAL_M_2013_MACROECONOMICS_FINANCIAL;0;0;0;0;0;0;0;0;0;0;1;1;0;0;0;0;0;0;0;0;0;0;0;0;0;0;0;1;0;0;0;0;1;0;0;0;0;0;0;1;0;0;0;0;0;0;0;0;0;0;0;0;0
Ayres et al 2013;;0;0;0;0;0;0;0;0;0;0;1;0;0;0;0;0;0;0;0;0;0;0;0;0;0;0;0;0;0;0;0;1;0;0;0;0;0;0;0;1;0;0;0;0;0;0;0;0;0;0;0;0;0
Campbell 2013;;0;0;0;0;0;0;0;0;0;0;0;0;0;0;0;0;0;0;0;0;0;0;0;0;0;0;0;0;0;0;0;1;0;0;0;0;0;0;0;0;0;0;0;0;0;0;0;0;0;0;0;0;0
Casten 2013;CASTEN_TR_2013_A_THEORY_OF_OSSIFICATION;0;0;0;0;0;0;0;0;0;0;0;0;0;0;1;0;0;0;0;0;0;0;0;0;0;0;0;0;0;0;0;1;0;0;0;0;0;0;0;1;0;0;0;0;0;0;0;0;0;0;0;0;0
Chappin & Afman 2013;CHAPPIN_EJL_2013_AN_AGENT_BASED_MODEL_OF_T;0;1;0;0;0;0;0;0;0;0;0;0;0;0;0;0;0;0;0;0;0;0;0;0;0;0;0;1;0;0;0;0;0;0;0;0;0;0;0;1;0;0;0;0;0;0;0;0;0;0;0;0;0
Diaz et al 2013;DIAZ_M_2013_GREEN_TIDES_IN_BRITTANY;0;0;0;0;0;0;0;0;0;0;0;0;0;0;0;0;0;0;0;1;0;0;0;0;0;0;1;0;0;0;0;1;1;0;0;0;0;0;1;0;0;0;0;1;0;0;0;0;0;0;0;0;0
Foxon 2013 ;FOXON_TJ_2013_RESPONDING_TO_THE_FINANCI;0;0;0;0;0;0;0;0;0;0;1;0;0;0;0;0;0;0;0;0;0;0;0;0;0;0;0;0;0;0;0;0;0;0;0;0;0;0;0;1;0;0;0;0;0;0;0;0;0;0;0;0;0
Geels 2013;GEELS_FW_2013_THE_IMPACT_OF_THE_FINANCI;0;0;0;0;0;0;0;1;1;0;1;1;0;0;0;0;0;0;0;0;0;0;0;0;0;0;1;0;0;0;1;0;1;0;0;0;0;0;0;0;0;0;0;1;0;0;0;0;0;0;0;0;0
Hansen & Nygaard 2013;HANSEN_UE_2013_TRANSNATIONAL_LINKAGES_AN;0;0;0;0;0;0;0;0;0;0;1;1;0;0;0;0;0;0;0;0;0;0;0;0;0;0;1;0;1;0;0;1;0;0;0;1;0;0;1;0;0;0;0;0;0;0;0;0;0;0;0;0;0
Horne 2013;HORNE_JP_2013_CLIMATE_CHANGE_AND_ECONOM;0;0;0;0;0;0;0;0;0;0;1;1;0;0;1;0;0;0;0;0;0;0;0;0;0;0;0;1;0;0;0;0;0;0;0;0;0;0;0;1;0;0;0;0;0;0;0;0;0;0;0;0;0
Jack 2013;;0;0;0;0;0;0;0;0;0;0;0;0;0;0;0;0;0;0;0;0;0;0;0;0;0;0;0;0;0;0;0;0;0;0;0;0;0;0;0;0;0;0;0;0;0;0;0;0;0;0;0;0;0
Kronsell 2013;KRONSELL_A_2013_GENDER_AND_TRANSITION_IN;0;0;0;0;0;0;0;0;0;0;0;0;0;0;0;0;0;1;1;0;0;0;0;0;0;0;1;0;1;0;0;0;1;0;0;0;0;0;1;0;0;0;0;0;0;0;0;0;0;0;0;0;0
Kümmel 2013;;0;0;0;0;0;0;0;0;0;0;0;0;0;0;0;0;0;0;0;0;0;0;0;0;0;0;0;1;0;0;0;1;0;0;0;0;0;0;0;1;0;0;0;0;0;0;0;0;0;0;0;0;0
Laitner 2013;LAITNER_JA_2013_AN_OVERVIEW_OF_THE_ENERGY;0;0;0;0;0;0;0;0;0;0;0;0;0;0;0;0;0;0;0;0;0;0;0;0;0;0;0;0;0;0;0;0;0;0;0;0;0;0;0;0;1;0;0;0;0;0;0;0;0;0;0;0;0
Loorbach & Lijnis Huffenreuter 2013;LOORBACH_DA_2013_EXPLORING_THE_ECONOMIC_CR;0;0;0;0;0;0;0;0;0;0;0;0;0;0;0;0;0;0;0;0;0;0;0;0;0;0;1;0;0;0;0;0;1;0;0;0;0;0;0;0;0;0;0;0;0;0;0;0;0;0;0;0;1
O'Riordan 2013;O_RIORDAN_T_2013_SUSTAINABILITY_FOR_WELLBE;0;0;0;0;0;0;0;1;0;0;0;0;0;0;0;0;0;1;0;0;0;0;0;0;0;0;0;0;0;0;0;0;0;0;0;1;0;0;1;0;0;0;0;0;0;0;0;0;0;0;0;0;0
Papachristos et al 2013;PAPACHRISTOS_G_2013_SYSTEM_INTERACTIONS_IN_SO;0;0;0;0;0;0;0;0;1;0;0;0;0;0;0;0;0;0;0;0;0;0;0;0;0;0;0;0;0;0;0;0;1;0;0;0;0;0;0;0;0;0;0;1;0;0;0;0;0;0;0;0;0
Perez 2013;PEREZ_C_2013_UNLEASHING_A_GOLDEN_AGE_A;0;0;0;0;0;0;0;0;0;1;1;1;0;0;0;0;0;0;0;0;0;0;0;0;0;0;0;0;0;0;0;0;0;0;0;0;0;0;0;1;0;0;0;0;0;0;0;0;0;0;1;0;0
Schulte 2013;SCHULTE_UG_2013_NEW_BUSINESS_MODELS_FOR_A;0;0;0;0;0;0;0;0;0;0;0;0;0;0;0;0;0;0;0;0;0;1;0;0;0;0;0;0;0;0;0;1;0;0;0;0;0;1;1;1;0;0;0;0;0;0;0;0;0;0;0;0;0
Söderholm 2013;SDERHOLM_K_2013_GOVERNING_SOCIO_TECHNICAL;0;0;0;0;0;0;0;0;0;0;0;0;0;0;0;0;0;0;0;0;0;0;0;0;0;0;0;0;0;0;0;0;0;0;0;0;0;0;0;0;0;0;0;0;0;0;0;0;0;0;0;0;0
Sopha et al 2013;SOPHA_BM_2013_ADOPTION_AND_DIFFUSION_OF;0;1;0;0;0;0;0;0;0;0;0;0;0;0;0;0;0;0;0;0;0;0;0;0;0;0;0;0;0;0;0;0;0;0;0;0;0;0;0;0;1;0;0;0;0;0;0;0;0;0;0;0;0
Swilling 2013;SWILLING_M_2013_ECONOMIC_CRISIS_LONG_WAV;0;0;0;0;0;0;0;0;0;0;0;1;0;0;0;0;0;0;1;0;0;0;0;0;0;0;0;0;0;0;0;1;0;0;0;0;0;0;0;0;0;0;0;0;0;0;0;0;0;0;1;0;0
Van Den Bergh 2013;VAN_DEN_BERGH_JCJM_2013_ECONOMIC_FINANCIAL_CRISIS;0;0;0;0;0;0;0;0;0;0;0;0;0;0;0;0;0;0;0;0;0;0;0;0;0;0;0;0;0;0;0;0;0;0;0;0;0;0;0;1;0;0;0;0;0;0;0;0;0;0;0;0;0
Van Den Bergh 2013 (2);VAN_DEN_BERGH_JCJM_2013_ROBERT_AYRES_ECOLOGICAL;0;0;0;0;0;0;0;0;0;0;0;0;0;0;0;0;0;0;0;0;0;0;0;0;0;0;0;0;0;0;0;0;0;0;0;0;0;0;0;1;0;0;0;0;0;0;0;0;0;0;0;0;0
Van Der Ploeg & Withagen 2013;VAN_DER_PLOEG_R_2013_GREEN_GROWTH_GREEN_PARAD;0;0;0;0;0;0;0;0;0;0;0;1;0;0;0;0;0;0;0;0;0;0;0;0;0;0;0;1;0;0;0;0;0;0;0;0;0;0;0;1;0;0;0;0;0;0;0;0;0;0;0;0;0
Vergragt 2013 ;VERGRAGT_PJ_2013_A_POSSIBLE_WAY_OUT_OF_THE;0;0;0;0;0;0;0;0;0;0;0;0;0;0;0;0;0;0;1;0;0;0;0;0;0;0;0;0;0;0;0;0;0;0;0;0;0;0;0;1;0;0;0;0;0;0;0;0;0;0;0;0;0
Von Weiszäcker & Ayres 2013;VON_WEISZCKER_EU_2013_BOOSTING_RESOURCE_PRODUCT;0;0;0;0;0;0;0;0;0;0;0;0;0;0;0;0;0;0;0;0;0;0;0;0;0;0;0;0;0;0;0;1;0;0;0;0;0;0;0;1;0;0;0;0;0;0;0;0;0;0;0;0;0
Wirth et al 2013;WIRTH_S_2013_INFORMAL_INSTITUTIONS_MAT;0;0;0;0;0;0;0;0;0;0;0;0;0;0;0;0;1;0;0;0;0;0;0;0;0;0;0;0;0;0;0;0;0;0;0;0;0;0;0;0;0;1;0;0;0;0;0;0;0;1;0;1;0
Wiseman et al 2013;WISEMAN_J_2013_POST_CARBON_PATHWAYS_A_M;0;0;0;0;0;0;0;0;1;0;0;0;0;0;0;0;0;0;0;0;0;0;0;0;0;0;0;0;0;0;0;1;0;0;0;0;0;0;0;0;1;0;0;0;0;0;0;0;0;0;0;0;0
Witt 2013;;0;0;0;0;0;0;0;1;0;0;1;0;0;0;0;0;0;0;0;0;0;0;0;0;0;0;0;0;0;0;0;0;0;0;0;0;0;0;0;1;0;0;0;0;0;0;0;0;0;0;0;0;0
Andersen 2014;ANDERSEN_AD_2014_NO_TRANSITION_WITHOUT_TRA;0;0;0;0;0;0;0;0;0;0;0;0;0;0;0;0;0;0;0;0;0;0;0;0;0;0;0;0;0;0;0;0;0;0;0;0;0;0;0;0;0;0;0;0;0;0;0;0;0;0;0;1;0
Andersson 2014;;0;0;0;0;0;0;0;0;0;0;0;0;0;0;0;0;0;0;0;0;0;0;0;0;0;0;0;0;0;0;0;0;0;0;0;0;0;0;0;0;0;0;0;0;0;0;0;0;0;0;0;0;0
Arapostathis et al. 2014;ARAPOSTATHIS_S_2014_UK_NATURAL_GAS_SYSTEM_INT;0;0;0;0;0;0;0;0;0;0;0;0;0;0;0;0;0;0;0;0;0;0;0;0;0;0;0;0;0;0;0;0;1;0;0;0;0;0;0;0;1;0;0;1;0;0;0;0;0;0;0;0;0
Audet 2014;AUDET_R_2014_THE_DOUBLE_HERMENEUTIC_OF;0;0;0;0;0;0;0;0;0;0;0;0;0;1;0;0;0;0;0;0;0;0;0;0;0;0;0;0;0;0;0;0;0;0;0;0;0;0;0;0;0;0;0;0;0;0;0;0;0;1;0;0;0
Bakker 2014;BAKKER_S_2014_ACTOR_RATIONALES_IN_SUSTA;1;0;0;0;0;0;0;0;0;0;0;0;0;0;0;0;0;0;0;0;0;0;0;0;0;0;1;0;0;0;0;0;0;0;0;0;0;0;0;0;0;0;0;0;0;0;0;0;0;0;0;1;0
Bosman et al. 2014;BOSMAN_R_2014_DISCURSIVE_REGIME_DYNAMIC;0;0;0;0;1;0;0;0;0;0;0;0;0;1;0;0;0;0;0;0;0;0;0;0;0;0;0;0;0;0;1;0;0;0;0;0;0;0;0;0;0;0;0;0;0;0;0;0;0;1;0;1;0
Cook 2014;COOK_M_2014_FLUID_TRANSITIONS_TO_MORE;0;0;0;0;0;0;0;0;0;0;0;0;0;0;0;0;0;0;0;0;0;0;1;0;0;0;0;0;0;0;0;0;0;0;0;0;0;1;0;0;0;0;0;0;0;0;0;0;0;0;0;0;0
Forrest & Wiek 2014;FORREST_N_2014_LEARNING_FROM_SUCCESS_T;0;0;0;1;0;0;0;0;0;0;0;0;0;0;0;0;0;0;0;0;0;0;0;0;0;0;1;0;0;0;0;0;0;1;0;0;0;0;0;0;0;0;0;0;0;0;0;0;0;0;0;0;1
Hess & Mai 2014;HESS_DJ_2014_RENEWABLE_ELECTRICITY_POL;0;0;0;0;0;0;0;0;0;0;0;0;0;0;1;0;0;0;0;0;0;0;0;0;0;0;0;1;0;0;0;0;0;0;0;0;0;0;0;0;0;0;0;0;1;0;0;0;0;1;0;0;0
Horbach et al. 2014;HORBACH_J_2014_DO_LEAD_MARKETS_FOR_CLEAN;0;0;0;0;0;0;0;0;0;0;0;0;0;0;0;0;0;0;0;0;0;0;0;0;1;0;0;0;0;0;0;0;0;0;0;0;0;0;0;1;0;0;0;0;0;0;0;0;0;0;0;0;0
Huttunen et al. 2014;HUTTUNEN_S_2014_THE_NEED_FOR_POLICY_COHER;0;0;0;0;0;0;0;0;0;0;0;0;0;0;0;0;0;0;0;0;0;0;0;0;0;0;0;1;0;0;0;0;0;0;0;0;0;0;0;0;0;0;0;0;0;0;0;0;0;0;0;1;0
Johnson & Silveira 2014;JOHNSON_FX_2014_PIONEER_COUNTRIES_IN_THE;0;0;0;0;0;0;0;0;0;0;0;0;0;0;0;0;0;0;0;1;0;0;0;0;0;0;1;0;0;0;0;0;1;0;0;1;0;0;0;0;0;0;0;1;0;0;0;0;0;0;0;0;0
Köhler  et al. 2014;KHLER_J_2014_LEAD_MARKETS_IN_2ND_GENER;0;0;0;0;0;0;0;0;0;0;0;0;0;0;0;0;0;0;0;0;0;0;0;0;1;0;0;0;0;0;0;0;0;0;0;0;0;0;0;0;0;0;0;0;0;0;0;0;0;0;0;0;0
Laland et al. 2014;LALAND_KN_2014_NICHE_CONSTRUCTION_INNOV;0;0;0;0;0;0;0;0;0;0;0;0;0;0;0;0;0;0;0;0;0;0;0;0;0;0;1;0;0;0;0;0;0;0;0;0;0;0;0;0;1;0;0;0;0;0;0;0;0;0;0;0;0
Moore et al. 2014;MOORE_T_2014_ZERO_EMISSION_HOUSING_PO;0;0;0;0;0;0;0;0;0;0;0;0;0;0;0;0;0;0;0;0;0;0;0;0;0;0;0;1;0;0;0;0;0;0;0;0;0;0;0;0;0;0;0;0;1;0;0;0;0;0;0;0;1
Papachristos 2014;PAPACHRISTOS_G_2014_TRANSITION_INERTIA_DUE_TO;0;0;0;0;0;0;1;0;0;0;0;0;0;0;0;0;0;0;0;0;0;0;0;0;0;0;0;0;0;0;0;1;0;0;0;0;0;0;0;0;1;0;0;0;0;0;0;0;0;0;0;0;0
Peuckert 2014;PEUCKERT_J_2014_WHAT_SHAPES_THE_IMPACT_OF;0;0;0;0;1;0;0;0;0;0;0;0;0;0;0;0;0;0;0;0;0;0;0;0;0;0;0;1;0;0;0;0;0;0;0;0;0;0;0;1;0;0;0;0;0;0;0;0;0;0;0;0;0
Quitzow et al. 2014;QUITZOW_R_2014_THE_CONCEPT_OF_LEAD_MARK;0;0;0;0;0;0;0;0;0;0;0;1;0;0;0;0;0;0;0;0;0;0;0;0;1;0;0;0;0;0;0;0;0;0;0;0;0;0;0;1;0;1;0;1;1;0;0;0;0;0;0;1;0
Rennings 2014;RENNINGS_K_2014_INTRODUCTION_GLOBAL_DIFF;0;0;0;0;0;0;0;0;0;0;0;0;0;0;0;0;0;0;0;0;0;0;0;0;1;0;0;0;0;0;0;0;0;0;0;0;0;0;0;1;0;0;0;0;0;0;0;0;0;0;0;0;0
Sarasini 2014;SARASINI_S_2014_ELECTRIFYING_THE_AUTOMOTI;0;0;0;0;0;0;0;0;0;0;0;0;0;0;0;0;0;0;0;0;0;0;0;0;0;0;0;0;0;0;0;0;0;0;1;1;0;1;0;0;0;1;0;0;0;0;0;0;0;0;0;1;0
Schor 2014;SCHOR_JB_2014_CLIMATE_DISCOURSE_AND_ECO;0;0;0;0;0;0;0;1;0;0;0;0;0;1;0;0;0;0;0;0;0;0;0;0;0;0;0;0;0;0;0;0;0;0;0;0;0;0;0;1;0;0;0;0;0;0;0;0;0;1;0;0;0
Seyfang et al. 2014;SEYFANG_G_2014_A_GRASSROOTS_SUSTAINABLE;0;0;0;1;0;0;0;0;0;0;0;0;0;0;0;0;0;0;0;0;0;0;0;0;0;0;1;0;0;0;0;0;0;0;0;0;0;0;0;0;0;0;0;0;0;0;0;1;0;0;0;0;0
Timmermans et al. 2014;TIMMERMANS_J_2014_POLICY_ENTREPRENEURS_IN_S;0;0;1;0;0;0;0;0;0;0;0;0;0;0;0;0;0;0;0;0;0;0;0;1;0;0;0;1;0;0;0;0;0;0;0;0;0;1;0;0;0;0;0;0;1;1;0;0;0;0;0;0;1
Van Den Bergh 2014;;0;0;0;0;0;0;0;0;0;0;0;0;0;0;0;0;0;0;0;0;0;0;0;0;0;0;0;0;0;0;0;0;0;0;0;0;0;0;0;0;0;0;0;0;0;0;0;0;0;0;0;0;0
Walz & Köhler 2014;WALZ_R_2014_USING_LEAD_MARKET_FACTORS;0;0;0;0;0;0;0;0;0;0;0;1;0;0;0;0;0;0;0;0;0;0;0;0;1;0;0;0;0;0;0;0;0;0;0;0;0;0;0;1;0;0;0;1;0;0;0;0;0;0;0;0;0
Zeppini et al. 2014;ZEPPINI_P_2014_THRESHOLDS_MODELS_OF_TECH;0;0;0;0;0;0;0;0;0;0;0;0;0;0;0;0;0;0;0;0;0;0;0;0;0;0;0;0;0;0;0;0;0;0;0;0;0;0;0;1;1;0;0;0;0;0;0;0;0;1;0;0;0
Alkemadeet al. 2015;;0;0;0;0;0;0;0;0;0;0;0;0;0;0;0;0;0;0;0;0;0;0;0;0;0;0;0;0;0;0;0;0;0;0;0;0;0;0;0;0;0;0;0;0;0;0;0;0;0;0;0;0;0
Åm 2015;;1;0;0;0;0;0;0;0;0;0;0;0;0;0;0;0;0;0;0;1;0;0;0;0;0;0;1;1;0;0;0;0;1;0;0;0;0;0;0;0;0;0;0;1;0;0;0;0;0;0;0;0;0
Augenstein 2015;AUGENSTEIN_K_2015_ANALYSING_THE_POTENTIAL_F;0;0;0;0;0;0;0;0;0;1;0;0;0;0;0;0;0;0;0;0;0;1;0;0;0;0;0;0;0;0;0;0;0;0;0;0;0;0;0;0;0;0;0;1;0;0;0;0;0;0;0;1;0
Bening et al. 2015;BENING_CR_2015_THE_NEED_TO_INCREASE_THE;0;0;0;0;0;0;0;0;0;0;0;0;0;0;0;0;0;0;0;0;0;0;0;0;0;0;0;1;0;0;0;0;0;0;0;0;0;0;0;0;0;0;0;0;1;0;0;0;0;0;0;1;0
Bento & Fontes 2015;BENTO_N_2015_SPATIAL_DIFFUSION_AND_THE;0;0;0;0;0;0;1;0;0;0;0;0;0;0;0;0;0;0;0;0;0;0;0;0;0;0;0;0;0;0;0;0;0;0;1;1;0;0;0;0;0;1;0;0;0;0;0;0;0;0;0;1;0
Bergek et al. 2015;BERGEK_A_2015_TECHNOLOGICAL_INNOVATION;0;0;0;0;0;0;1;0;0;0;0;0;0;0;1;0;0;0;0;0;0;0;0;0;0;0;0;0;1;0;0;0;1;0;1;1;0;0;0;0;0;1;0;0;1;0;0;0;0;0;0;1;0
Bolton &, Foxon 2015;BOLTON_R_2015_A_SOCIO_TECHNICAL_PERSPEC;0;0;0;0;0;0;0;0;0;0;1;0;0;0;0;0;0;0;0;0;0;0;0;0;0;0;0;0;0;0;0;0;0;0;0;0;0;0;0;1;0;0;0;1;0;0;0;0;0;0;0;1;0
Bork et al. 2015;BORK_S_2015_HOW_ACTORS_CAN_INFLUENCE;0;1;0;0;0;0;0;0;0;0;0;0;0;0;0;0;0;1;0;0;0;0;1;0;0;0;0;0;0;0;0;0;0;0;0;0;0;0;0;0;0;0;0;0;0;0;0;0;0;1;0;0;0
Bos et al. 2015;BOS_JJ_2015_BUILDING_NETWORKS_AND_COA;0;0;0;0;0;0;1;0;0;0;0;0;0;0;0;0;0;0;0;0;0;0;0;1;0;0;0;0;0;0;0;0;0;0;0;0;0;0;0;0;0;0;0;0;0;0;0;0;0;0;0;0;1
Budde et al. 2015;BUDDE_B_2015_ON_THE_RELATION_BETWEEN_C;0;0;0;0;1;0;0;0;0;1;0;0;0;0;0;0;0;1;0;0;0;0;1;0;1;0;0;0;0;0;0;0;0;0;0;0;0;0;0;0;0;0;0;0;0;0;0;0;0;1;0;1;0
Coenen 2015;COENEN_L_2015_ENGAGING_WITH_CHANGING_SP;0;0;0;0;0;0;0;0;0;0;0;0;0;0;0;0;0;0;0;0;0;0;0;0;0;0;0;0;0;0;0;0;0;0;1;1;0;0;0;0;0;1;0;0;0;0;0;0;0;0;0;1;0
Cohen & Ilieva 2015;COHEN_N_2015_TRANSITIONING_THE_FOOD_SY;0;1;0;0;0;0;0;0;0;0;0;0;0;0;0;0;0;0;1;0;0;0;0;0;0;0;1;0;0;0;0;0;0;1;0;0;0;0;1;0;0;1;0;0;0;0;0;1;0;0;0;0;0
De Haan et al. 2015;;0;0;0;0;0;0;0;0;0;0;0;0;0;0;0;0;0;0;0;0;0;0;0;0;0;0;0;0;0;0;0;0;0;0;0;0;0;0;0;0;0;0;0;0;0;0;0;0;0;0;0;0;0
De Wildt-Liesveld et al. 2015;DE_WILDT_LIESVELD_R_2015_GOVERNANCE_STRATEGIES_TO;0;0;0;0;0;0;0;0;0;0;0;0;0;0;0;0;0;0;0;0;0;0;1;1;0;0;1;0;0;0;0;0;0;0;0;0;0;1;0;0;0;0;0;0;0;0;0;1;0;0;0;0;0
Dewald & Fromhold-Eisebith 2015;DEWALD_U_2015_TRAJECTORIES_OF_SUSTAINAB;0;0;0;0;1;0;1;0;0;0;0;0;0;0;0;0;1;0;0;0;0;0;0;0;0;0;0;0;0;0;0;0;0;0;1;1;0;0;0;0;0;1;0;0;0;0;0;0;0;0;0;1;0
Domènech et al. 2015;DOMNECH_L_2015_LEARNING_PROCESSES_DURING;0;0;0;0;0;0;0;0;0;0;0;0;0;0;0;0;0;0;0;0;1;0;0;0;0;0;0;0;0;0;0;0;0;0;1;0;0;0;0;0;0;0;0;1;0;0;0;0;0;0;0;0;0
Forrest &  Wiek 2015;FORREST_N_2015_SUCCESS_FACTORS_AND_STRAT;0;0;0;1;0;0;0;0;0;0;0;0;0;0;0;0;0;0;0;0;0;0;0;0;0;0;1;0;0;0;0;0;0;1;0;0;0;0;0;0;0;0;0;1;0;0;0;0;0;0;0;0;0
García-Olivares 2015.;GARCA_OLIVARES_A_2015_SUBSTITUTING_SILVER_IN_SO;0;0;0;0;0;0;0;0;0;0;0;0;0;0;0;0;0;0;0;0;0;0;0;0;0;0;0;0;0;0;0;1;0;0;0;0;0;0;0;0;1;0;0;0;0;0;0;0;0;0;0;0;0
Giordano 2015;GIORDANO_T_2015_INTEGRATING_INDUSTRIAL_PO;0;0;0;0;0;0;0;0;0;0;0;0;0;0;0;0;0;0;0;1;0;0;0;0;0;0;0;1;0;0;0;0;0;0;0;0;0;0;0;1;0;0;0;0;0;0;0;0;0;0;0;0;0
Halbe et al. 2015;HALBE_J_2015_LESSONS_FOR_MODEL_USE_IN;0;0;0;0;0;0;0;0;0;0;0;0;0;0;0;0;0;0;0;0;0;0;0;0;0;0;0;0;0;0;0;0;0;0;0;0;0;0;0;0;1;0;0;0;0;0;0;0;0;0;0;0;0
Haley 2015;HALEY_B_2015_LOW_CARBON_INNOVATION_FRO;0;0;0;0;0;0;0;0;0;0;0;0;0;0;0;0;0;0;0;0;0;0;0;0;0;0;0;0;0;0;0;0;0;0;0;0;0;0;0;0;0;0;0;0;0;0;0;0;0;0;0;1;0
Hansen & Coenen 2015;HANSEN_T_2015_THE_GEOGRAPHY_OF_SUSTAINA;0;0;0;0;0;0;0;0;0;0;0;0;0;0;0;0;0;0;0;0;0;0;0;0;0;0;0;0;0;0;0;0;0;1;1;1;1;0;0;0;0;1;0;1;0;0;0;0;0;0;0;1;0
Hansen & Steen 2015;HANSEN_GH_2015_OFFSHORE_OIL_AND_GAS_FIRM;0;0;0;0;1;0;0;0;0;0;0;0;0;0;0;0;0;0;0;0;0;0;0;0;0;1;0;0;0;0;0;0;0;0;0;0;0;1;0;0;0;0;0;1;0;0;0;0;0;0;0;1;0
Heiskanen et al. 2015;HEISKANEN_E_2015_THE_LOCAL_COMMUNITY_AS_A;0;1;0;0;0;0;0;0;0;0;0;0;0;0;0;0;0;0;0;0;1;0;0;0;0;0;1;0;0;0;1;0;0;0;0;0;0;0;0;0;0;0;0;0;0;0;0;1;0;0;0;0;0
Holtz et al. 2015;HOLTZ_G_2015_PROSPECTS_OF_MODELLING_SO;0;0;0;0;0;0;0;0;0;0;0;0;0;0;0;0;0;0;0;0;0;0;0;0;0;0;0;0;0;0;0;0;0;0;0;0;0;0;0;0;1;0;0;0;0;0;0;0;0;0;0;0;0
Jhagroe &, Loorbach 2015;JHAGROE_S_2015_SEE_NO_EVIL_HEAR_NO_EVIL;0;0;0;0;0;0;0;0;0;0;0;0;0;0;0;0;0;0;0;0;0;0;0;0;0;0;0;0;1;0;0;0;0;0;0;0;1;0;0;0;0;0;0;0;1;0;0;0;0;0;0;0;1
Kern 2015;KERN_F_2015_ENGAGING_WITH_THE_POLITIC;1;0;0;0;0;0;0;0;0;0;0;0;0;0;1;0;0;0;0;0;0;0;0;0;0;0;0;0;1;0;0;0;1;0;0;0;0;0;0;0;0;0;0;0;1;0;0;0;0;1;0;1;0
Klitkou et al. 2015;KLITKOU_A_2015_THE_ROLE_OF_LOCK_IN_MECHA;0;0;0;0;0;0;0;0;0;0;0;0;0;0;0;0;0;0;0;0;0;0;0;0;0;0;0;0;0;0;0;0;1;0;0;0;0;0;0;0;0;0;0;1;0;0;0;0;0;0;0;0;0
Lieberherr & Truffer 2015;LIEBERHERR_E_2015_THE_IMPACT_OF_PRIVATIZATI;0;0;0;0;1;0;0;0;0;0;0;0;0;0;0;0;0;0;0;0;0;0;1;0;0;0;0;0;0;0;0;0;0;0;0;0;0;1;0;0;0;0;0;0;0;0;0;0;0;0;0;0;0
Longhurst 2015;LONGHURST_N_2015_TOWARDS_AN_ALTERNATIVE;0;1;0;1;0;0;0;0;0;0;0;0;0;0;0;0;0;0;1;0;0;0;0;0;0;0;1;0;0;0;0;0;0;1;0;0;1;0;1;0;0;1;0;0;0;0;0;0;0;0;0;0;0
Markard et al. 2015;MARKARD_J_2015_THE_TECHNOLOGICAL_INNOVAT;0;0;0;0;0;0;0;0;0;0;0;0;0;0;1;0;0;0;0;0;0;0;0;0;0;1;0;0;1;0;0;0;0;1;1;1;0;0;0;0;0;0;0;0;0;0;0;0;0;0;0;1;0
Marquardt 2015;MARQUARDT_J_2015_HOW_TRANSITION_MANAGEMENT;0;0;0;0;0;0;0;0;0;0;0;1;0;0;0;0;0;0;0;0;0;0;0;0;0;0;0;0;0;0;0;0;0;0;0;0;0;0;1;0;0;0;0;0;0;0;0;0;0;0;0;0;1
Mazur et al. 2015;MAZUR_C_2015_ASSESSING_AND_COMPARING_G;0;0;0;0;1;0;0;0;1;0;0;0;0;0;0;0;0;0;0;0;0;0;0;0;0;1;0;1;0;0;0;0;0;0;0;0;0;1;0;0;0;0;0;1;0;0;0;0;0;0;0;1;0
Murphy 2015;MURPHY_JT_2015_HUMAN_GEOGRAPHY_AND_SOCIO;0;0;0;0;0;0;0;1;0;0;0;0;0;0;0;0;0;0;1;0;0;0;0;0;0;0;0;0;0;0;1;0;0;1;0;0;0;0;1;0;0;1;0;1;0;0;0;0;0;0;0;1;0
Nayak et al. 2015;NAYAK_BP_2015_TRUST_AND_COOPERATION_AMO;0;1;0;0;0;0;0;0;0;0;0;0;0;0;0;0;0;0;0;0;0;0;0;0;1;0;0;0;0;0;0;0;0;0;0;0;0;0;0;0;0;0;0;0;0;1;0;0;0;0;0;0;0
Normann 2015;NORMANN_HE_2015_THE_ROLE_OF_POLITICS_IN_S;0;0;0;0;1;0;0;0;0;0;0;0;0;0;0;0;0;0;0;0;0;0;0;0;0;0;0;0;1;0;0;0;0;0;0;0;0;0;0;0;0;0;0;0;1;0;0;0;0;0;0;0;0
Nykvist & Nilsson 2015;NYKVIST_B_2015_THE_EV_PARADOX_A_MULTIL;0;0;0;0;0;0;0;0;0;0;0;0;0;0;0;0;0;0;0;1;0;0;0;0;0;0;1;0;0;0;0;0;1;0;0;0;0;0;0;0;0;0;0;1;0;0;0;0;0;0;0;0;0
Palm 2015;PALM_A_2015_AN_EMERGING_INNOVATION_SY;0;0;0;0;0;0;0;0;0;0;0;0;0;0;0;0;0;0;0;0;0;0;0;0;0;0;0;0;0;0;0;0;0;0;0;0;0;0;0;0;0;0;0;0;0;0;0;0;0;0;0;1;0
Quitzow 2015;QUITZOW_R_2015_DYNAMICS_OF_A_POLICY_DRIV;0;0;0;0;0;0;1;0;0;0;0;1;0;0;0;0;0;0;0;0;0;0;0;0;0;0;0;0;0;0;0;0;0;0;1;1;0;0;0;0;0;1;0;0;0;0;0;0;0;0;0;1;0
Rogers et al. 2015;ROGERS_BC_2015_ANALYSIS_OF_INSTITUTIONAL;0;0;0;0;0;0;0;0;0;0;0;0;0;0;0;1;0;0;0;0;0;0;0;0;0;0;1;0;0;0;0;0;1;0;0;0;0;0;0;0;0;0;0;1;0;0;0;0;0;1;0;0;1
Sengers & Raven 2015;SENGERS_F_2015_TOWARD_A_SPATIAL_PERSPECT;0;0;0;0;0;0;1;0;0;0;0;0;0;0;0;0;1;0;0;0;0;0;0;0;0;0;1;0;0;0;0;0;0;1;0;1;0;0;0;0;0;1;0;1;0;0;0;0;0;0;0;0;0
Truffer 2015;;0;0;0;0;0;0;0;0;0;0;0;0;0;0;0;0;0;0;0;0;0;0;0;0;0;0;0;0;0;0;0;0;0;0;0;0;0;0;0;0;0;0;0;0;0;0;0;0;0;0;0;0;0
Truffer et al. 2015;TRUFFER_B_2015_THE_GEOGRAPHY_OF_SUSTAINA;0;0;0;0;0;0;1;0;0;0;0;0;0;0;0;0;0;0;1;0;0;0;0;0;0;0;0;0;1;0;0;0;0;1;1;1;1;0;1;0;0;1;0;1;0;0;0;0;0;0;0;1;0
Upham et al. 2015;UPHAM_P_2015_ADDRESSING_SOCIAL_REPRESE;1;0;0;0;0;0;0;0;0;0;0;0;0;1;0;0;0;0;0;0;0;0;0;0;0;0;0;0;0;0;0;0;0;0;0;0;0;0;0;0;0;0;0;1;0;0;0;0;0;1;0;0;0
Van Der Vooren & Brouillat 2015;VAN_DER_VOOREN_A_2015_EVALUATING_CO2_REDUCTION;0;1;0;0;0;0;0;0;1;0;0;0;0;0;0;0;0;0;0;0;0;0;0;0;0;1;0;1;0;0;0;0;0;0;0;0;0;0;0;0;1;0;0;0;0;0;0;0;0;0;0;0;0
Van Herk et al. 2015;VAN_HERK_S_2015_UNDERSTANDING_THE_TRANSIT;0;0;0;0;0;0;0;0;0;0;0;0;0;0;0;0;0;0;0;0;0;0;0;0;0;0;0;0;0;0;0;0;0;0;0;0;0;0;0;0;1;0;0;0;1;0;0;0;0;0;0;0;0
Wells & Xenias 2015;WELLS_P_2015_FROM_FREEDOM_OF_THE_OPEN;0;1;0;0;0;0;0;0;0;0;0;0;0;0;0;0;0;0;0;0;0;0;0;0;0;0;0;0;0;0;0;0;0;0;0;0;0;0;0;0;0;0;0;0;0;0;0;0;0;1;0;0;0
Wen et al. 2015;WEN_B_2015_TRANSITIONS_IN_URBAN_WATE;0;0;0;0;0;0;0;0;0;0;0;0;0;0;0;0;0;0;0;0;0;0;0;0;0;0;0;0;0;0;0;0;1;0;0;1;1;0;0;0;0;0;0;0;0;0;0;0;0;0;0;0;1
Wesseling et al. 2015;WESSELING_JH_2015_EXPLORING_CAR_MANUFACTURE;0;0;0;0;1;0;0;0;0;0;0;0;0;0;0;0;0;0;0;0;0;0;0;0;0;0;0;0;1;0;0;0;0;0;0;0;0;1;0;0;0;0;0;0;0;0;0;0;0;0;0;1;0
Wieczorek, Hekkert et al. 2015;WIECZOREK_AJ_2015_BROADENING_THE_NATIONAL_F;0;0;0;0;0;0;0;0;0;0;0;0;0;0;0;0;1;0;0;0;0;0;0;0;0;0;0;0;0;0;0;0;0;0;1;1;0;0;0;0;0;1;0;0;0;0;0;0;0;0;0;1;0
Wieczorek, Raven et al. 2015;WIECZOREK_AJ_2015_TRANSNATIONAL_LINKAGES_IN;0;0;0;0;0;0;1;0;0;0;0;0;0;0;0;0;0;0;0;0;0;0;0;0;0;0;1;0;0;0;0;0;0;0;0;1;0;0;0;0;0;1;0;0;0;0;0;0;0;0;0;1;0
Bento & Wilson 2016;BENTO_N_2016_MEASURING_THE_DURATION_OF;0;0;0;0;0;0;0;0;0;0;0;0;0;0;0;0;0;0;0;0;0;0;0;0;0;0;0;0;0;0;0;0;0;0;0;0;0;0;0;0;1;0;0;0;0;0;0;0;0;0;0;1;0
Bernardo & Alessandro 2016;BERNARDO_G_2016_SYSTEMS_DYNAMIC_ANALYSIS;0;0;0;0;0;0;0;0;0;0;0;0;0;0;0;0;0;0;0;0;0;0;0;0;0;0;0;1;0;0;0;1;0;0;0;0;0;0;0;1;0;0;0;0;0;0;0;0;0;0;0;0;0
Bocken & Short 2016;BOCKEN_NMP_2016_TOWARDS_A_SUFFICIENCY_DRI;0;1;0;0;0;0;1;0;0;1;0;0;0;0;0;0;0;0;0;0;0;1;1;0;1;0;0;0;0;0;0;0;0;0;0;0;0;1;0;0;0;0;0;0;0;0;0;0;0;0;0;0;0
Bohnsack et al. 2016;BOHNSACK_R_2016_THE_INSTITUTIONAL_EVOLUTI;0;0;0;0;0;0;0;0;0;1;0;0;0;0;0;0;0;1;0;0;0;0;0;0;0;1;0;0;0;0;0;0;0;0;0;0;0;1;0;0;0;0;0;0;0;0;0;0;0;1;0;0;0
Boon & Bakker 2016;BOON_WPC_2016_LEARNING_TO_SHIELD_POLI;0;0;0;0;0;0;0;0;0;0;0;0;0;0;0;0;0;1;0;0;1;0;0;0;0;0;1;0;0;0;0;0;0;0;0;0;0;0;0;0;0;0;0;1;0;0;0;0;0;0;0;0;0
Cavicchi 2016;CAVICCHI_B_2016_SUSTAINABILITY_THAT_BACKF;0;0;0;0;0;0;0;0;0;0;0;0;0;0;0;0;1;0;0;0;0;0;0;0;0;0;1;1;0;0;0;0;0;0;0;0;0;0;0;0;1;0;0;0;0;0;0;0;0;0;0;0;0
De Vries et al. 2016;DE_VRIES_GW_2016_USER_LED_INNOVATION_IN_CI;0;1;0;0;0;0;0;0;0;1;0;0;0;0;0;1;0;0;1;0;1;0;0;0;0;0;1;0;0;0;0;0;0;0;0;0;0;1;0;0;0;0;0;1;0;0;0;0;0;1;0;0;0
Dewald & Achternbosch 2016;DEWALD_U_2016_WHY_DID_MORE_SUSTAINABLE;0;0;0;0;1;0;1;0;0;0;0;0;0;0;0;1;0;0;0;0;0;0;0;0;0;0;0;0;0;0;0;0;0;0;0;0;0;0;0;0;0;0;0;0;0;0;0;0;0;0;0;1;0
Faller 2016;FALLER_F_2016_A_PRACTICE_APPROACH_TO_ST;1;0;0;0;0;0;0;0;0;0;0;0;0;0;0;0;0;0;1;0;0;0;0;0;0;0;0;0;0;1;0;0;0;1;1;1;1;0;0;0;0;1;0;0;0;0;0;0;0;0;0;0;0
Ferguson 2016;FERGUSON_P_2016_PRODUCTIVITY_GROWTH_AS_A;0;0;0;0;0;0;0;0;1;0;0;0;0;0;0;0;0;0;0;0;0;0;1;0;0;0;0;0;0;0;0;0;0;0;0;0;0;1;0;0;0;0;0;0;0;0;0;0;0;0;0;0;0
Fontes et al. 2016;FONTES_M_2016_THE_SPATIAL_DYNAMICS_OF_N;0;0;0;0;0;0;0;0;0;0;0;0;0;0;0;0;0;0;0;0;0;0;0;1;0;0;1;0;0;0;0;0;0;0;1;1;0;0;0;0;0;1;0;1;0;0;0;0;0;0;0;0;0
Franceschini &, Alkemade 2016;FRANCESCHINI_S_2016_NON_DISRUPTIVE_REGIME_CHA;0;0;0;0;0;0;0;0;0;0;0;0;0;0;1;0;0;0;0;0;0;0;0;0;1;0;0;0;0;0;0;0;0;0;0;0;0;0;0;0;1;0;0;0;0;0;0;0;0;0;0;1;0
Fudge et al. 2016;FUDGE_S_2016_LOCAL_AUTHORITIES_AS_NICH;0;0;0;0;0;0;0;0;0;0;0;0;0;0;0;0;0;0;0;0;0;0;0;0;0;0;1;1;0;0;0;0;0;1;0;0;0;0;0;0;0;0;0;1;0;0;0;0;0;0;0;0;0
Hess 2016;HESS_DJ_2016_THE_POLITICS_OF_NICHE_REG;0;0;0;0;1;0;0;0;0;0;0;0;0;0;0;0;0;0;0;0;0;0;0;0;0;0;1;0;1;0;0;0;1;0;0;0;0;0;0;0;0;0;0;1;1;0;0;0;0;0;0;0;0
Hodson et al. 2016;HODSON_M_2016_REMAKING_THE_MATERIAL_FAB;0;0;0;0;0;0;0;1;0;0;0;0;0;0;0;0;0;0;1;0;0;0;0;0;0;0;0;0;1;0;0;0;0;0;0;0;1;0;0;0;0;1;0;0;0;0;0;0;0;1;0;0;0
Hoes et al. 2016;HOES_AC_2016_COMMUNICATING_TENSIONS_AM;0;1;0;0;1;0;0;0;0;0;0;0;0;0;0;0;0;0;0;0;0;0;0;0;0;0;1;0;0;0;0;0;1;0;0;0;0;0;0;0;0;0;0;1;0;0;0;0;0;0;0;0;0
Hojnik &  Ruzzier 2016;HOJNIK_J_2016_WHAT_DRIVES_ECO_INNOVATIO;0;0;0;0;0;0;0;0;0;0;0;0;0;0;0;0;0;0;0;0;0;0;1;0;0;0;0;0;0;0;0;0;0;0;0;0;0;1;0;1;0;0;0;0;0;0;0;0;0;0;0;0;0
Horbach 2016;HORBACH_J_2016_EMPIRICAL_DETERMINANTS_OF;0;0;0;0;0;0;0;0;0;0;0;0;0;0;0;0;0;0;0;0;0;0;1;0;0;0;0;1;0;0;0;0;0;0;0;0;0;1;0;0;0;0;0;0;0;0;0;0;0;0;0;0;0
Huijben  et al. 2016;HUIJBEN_JCCM_2016_MAINSTREAMING_SOLAR_STRE;0;0;0;0;0;0;0;0;0;1;0;0;0;0;1;0;0;0;0;0;0;1;0;0;0;0;1;0;0;0;0;0;1;0;0;0;0;1;0;0;0;0;0;1;0;0;0;0;0;0;0;0;0
Johnson et al. 2016;JOHNSON_VCA_2016_ALTERNATIVE_LIQUID_FUELS;0;0;0;0;0;0;0;0;0;0;0;0;0;1;0;0;0;0;0;0;0;0;0;0;0;0;0;0;0;0;0;0;0;0;0;0;0;0;0;0;0;0;0;0;0;1;0;0;0;0;0;0;0
Karltorp 2016;KARLTORP_K_2016_CHALLENGES_IN_MOBILISING;0;0;0;0;1;0;0;0;0;0;1;0;0;0;0;0;0;0;0;0;0;0;0;0;0;0;0;0;0;0;0;0;0;0;0;0;0;0;0;0;0;0;0;0;0;0;0;0;0;0;0;1;0
Knobloch & Mercure 2016;KNOBLOCH_F_2016_THE_BEHAVIOURAL_ASPECT_OF;1;0;0;0;0;0;0;0;0;0;0;0;0;0;0;0;0;0;0;0;0;0;0;0;0;1;0;0;0;0;0;0;0;0;0;0;0;0;0;1;0;0;0;0;0;1;0;0;0;0;0;0;0
Kostakis 2016;KOSTAKIS_V_2016_TOWARDS_A_POLITICAL_ECOLO;0;0;0;0;0;0;0;1;0;0;0;0;0;0;0;0;0;0;0;0;0;0;0;0;0;0;0;0;0;0;0;1;0;0;0;0;0;0;0;1;0;0;0;0;0;0;0;0;0;0;0;0;0
Kuokkanen et al. 2016;KUOKKANEN_A_2016_NOT_ONLY_PEASANTS_ISSUE;0;1;0;0;0;0;0;0;0;0;0;0;0;1;0;0;0;0;0;0;0;0;0;0;0;0;0;0;0;0;1;1;0;0;0;0;0;0;0;0;0;0;0;0;0;0;0;0;0;0;0;1;0
Lauber & Jacobsson 2016;LAUBER_V_2016_THE_POLITICS_AND_ECONOMIC;0;0;0;0;0;0;0;0;0;0;0;0;0;0;0;0;0;0;0;0;0;0;0;0;0;0;1;0;1;0;0;0;0;0;0;0;0;0;0;1;0;0;0;0;0;0;0;0;0;0;0;1;0
Lockwood 2016;LOCKWOOD_M_2016_CREATING_PROTECTIVE_SPACE;0;0;0;0;0;0;0;0;0;0;0;0;0;0;0;0;0;0;0;0;0;0;0;0;0;0;1;1;1;0;0;0;0;0;0;0;0;0;0;0;0;0;0;1;1;0;0;0;0;1;0;0;0
Manivannan 2016;MANIVANNAN_SV_2016_ENVIRONMENTAL_AND_HEALTH;0;0;0;0;0;0;1;0;0;0;0;0;0;0;0;0;0;0;0;0;0;0;0;0;0;0;0;0;0;0;0;0;0;0;0;0;0;0;0;0;1;0;0;0;0;0;0;0;0;0;0;0;0
Markard et al. 2016;MARKARD_J_2016_SOCIO_TECHNICAL_TRANSITIO;1;0;0;0;0;0;1;0;0;0;0;0;0;0;0;0;0;0;0;0;0;0;0;0;0;0;0;0;1;0;1;0;0;0;0;0;0;0;0;0;0;0;0;0;1;0;0;0;0;0;0;0;0
McDowall 2016;MCDOWALL_W_2016_ARE_SCENARIOS_OF_HYDROGEN;0;0;0;0;0;0;0;0;0;0;0;0;0;0;0;0;0;0;0;0;0;0;0;0;0;0;0;0;0;0;0;0;0;0;0;0;0;0;0;0;1;0;0;0;0;0;0;0;0;0;0;0;0
Morone et al. 2016;MORONE_P_2016_UNPACKING_LANDSCAPE_PRESS;0;0;0;0;0;0;0;0;0;0;0;0;0;0;0;0;0;0;0;1;0;0;0;0;0;0;0;0;1;0;0;0;1;0;0;0;0;0;0;0;0;0;0;1;0;0;0;0;0;0;0;0;0
Olazabal et al. 2016;OLAZABAL_M_2016_USE_OF_FUZZY_COGNITIVE_MA;1;0;0;0;0;0;0;0;0;0;0;0;0;0;0;0;0;0;0;0;0;0;0;0;0;0;0;0;0;0;0;0;0;0;0;0;1;0;0;0;1;0;0;0;0;1;0;0;0;0;0;0;0
Raven, Kern, Smith et al. 2016;RAVEN_R_2016_NICHE_CONSTRUCTION_AND_EM;0;0;0;0;0;0;0;0;0;0;0;0;0;0;0;0;0;0;0;0;0;0;0;0;0;0;1;0;1;0;0;0;0;0;0;0;0;0;0;0;0;0;0;1;1;0;0;0;0;0;0;0;0
Raven, Kern, Verhees., et al. 2016;RAVEN_R_2016_THE_POLITICS_OF_INNOVATIO;0;0;0;0;0;0;0;0;0;0;0;0;0;0;0;0;0;0;0;0;0;0;0;0;0;0;1;1;1;0;0;0;0;0;0;0;0;0;0;0;0;0;0;1;0;0;0;0;0;0;0;0;0
Reichardt & Rogge 2016;REICHARDT_K_2016_HOW_THE_POLICY_MIX_IMPACT;0;0;0;0;0;0;0;0;0;0;0;0;0;0;0;0;0;0;0;0;0;0;0;0;0;0;0;1;0;0;0;0;0;0;0;0;0;0;0;0;0;0;0;0;1;0;0;0;0;0;0;1;0
Valderrama & Jørgensen 2016;VALDERRAMA_PINEDA_AF_2016_CREATING_COPENHAGEN_S_MET;0;0;0;0;0;0;0;0;0;0;0;0;0;0;0;0;1;0;0;0;0;0;0;1;0;0;0;0;1;0;1;0;0;0;0;0;1;0;1;0;0;0;0;0;0;0;0;0;0;0;0;0;0
Warren et al. 2016;WARREN_B_2016_AUSTRALIA_S_SUSTAINABLE_E;0;0;0;0;0;0;0;1;0;0;0;0;0;0;0;0;0;0;0;0;0;0;0;0;0;0;0;1;0;0;1;0;0;0;0;0;0;0;1;0;0;0;0;0;0;0;0;0;0;0;0;0;0
Wesseling 2016;WESSELING_JH_2016_EXPLAINING_VARIANCE_IN_NA;0;0;0;0;1;0;0;1;0;0;0;0;0;0;0;0;0;0;0;0;0;0;0;0;0;0;0;1;0;0;0;0;0;0;1;0;0;1;0;0;0;1;0;0;0;0;0;0;0;0;0;1;0
Yan et al. 2016;YAN_W_2016_ASSESSING_THE_IMPACT_OF_E;0;0;0;0;0;0;0;0;0;0;0;0;0;0;0;0;0;0;0;0;0;0;1;0;0;0;0;0;0;0;0;0;0;0;0;0;0;1;0;0;1;0;0;0;0;0;0;0;0;0;0;0;0
Ahlborg 2017;AHLBORG_H_2017_TOWARDS_A_CONCEPTUALIZATI;0;0;0;0;0;0;0;0;0;0;0;0;0;0;0;0;0;0;0;0;0;0;0;0;0;0;0;0;1;0;0;0;1;0;0;0;0;0;1;0;0;0;0;1;0;0;0;0;0;0;0;1;0
Andersson et al. 2017;ANDERSSON_M_2017_LESSONS_FROM_A_CENTURY_OF;0;0;0;0;0;0;0;0;0;0;0;0;0;0;0;0;0;0;0;0;0;0;0;0;0;0;0;0;0;0;0;1;0;0;0;0;0;0;0;0;1;0;0;0;0;0;0;0;0;0;0;1;0
Antadze & McGowan 2017;ANTADZE_N_2017_MORAL_ENTREPRENEURSHIP_T;0;0;1;0;0;0;0;0;0;0;0;0;0;0;0;0;0;1;0;1;0;0;0;0;0;0;0;0;0;0;1;0;0;0;0;0;0;1;0;0;0;0;0;1;0;0;0;0;0;1;0;0;0
Avelino & Grin 2017;AVELINO_F_2017_BEYOND_DECONSTRUCTION_A;0;0;0;0;0;0;0;0;0;0;0;0;0;0;0;0;0;0;0;0;0;0;0;0;0;0;0;0;0;0;0;0;0;0;0;0;0;0;1;0;0;0;0;0;0;0;0;0;0;0;0;0;1
Böcker & Meelen 2017;BCKER_L_2017_SHARING_FOR_PEOPLE_PLANE;0;1;0;0;0;0;0;0;0;0;0;0;0;0;0;0;0;0;0;0;0;0;0;0;0;0;0;0;0;0;0;0;0;0;0;0;0;0;0;0;0;0;0;0;0;1;0;0;0;0;0;0;0
Darmani et al. 2017;DARMANI_A_2017_CHARACTERISTICS_OF_INVEST;0;0;0;0;1;0;0;0;0;0;1;0;0;0;0;0;0;0;0;0;0;0;1;0;0;1;0;0;0;0;0;0;0;0;0;0;0;1;0;0;0;0;0;0;0;0;0;0;0;0;0;0;0
de Rivera et al. 2017;DE_RIVERA_J_2017_A_NETNOGRAPHIC_STUDY_OF_P;0;0;0;0;0;0;0;0;0;0;0;0;0;0;0;0;0;0;0;0;0;0;0;0;0;0;0;0;0;0;0;0;0;0;0;0;0;0;0;0;1;0;0;0;0;0;0;0;0;0;0;0;0
Figenbaum 2017.;FIGENBAUM_E_2017_PERSPECTIVES_ON_NORWAY_S;0;0;0;0;0;0;0;0;0;0;0;0;0;0;0;0;0;0;0;0;0;0;0;0;1;0;0;0;0;0;0;0;0;0;0;0;0;0;0;0;0;0;0;1;0;0;0;0;0;0;0;0;0
Frenken & Schor 2017;FRENKEN_K_2017_PUTTING_THE_SHARING_ECONO;0;0;0;0;0;0;0;1;1;0;0;0;0;0;0;0;0;0;0;0;0;1;0;0;0;0;0;0;0;0;0;0;0;0;0;0;0;0;0;1;0;0;0;0;0;0;0;0;0;1;0;0;0
Frenken 2017;;0;0;0;0;0;0;0;0;0;0;0;0;0;0;0;0;0;0;0;0;0;0;0;0;0;0;0;0;0;0;0;0;0;0;0;0;0;0;0;0;0;0;0;0;0;0;0;0;0;0;0;0;0
Fridahl & Johansson 2017;FRIDAHL_M_2017_AN_ASSESSMENT_OF_THE_POTE;0;0;0;0;0;0;0;0;0;0;0;0;0;0;0;0;0;0;0;0;0;0;0;0;0;0;0;1;0;0;0;0;0;0;0;0;0;0;0;0;0;0;0;1;1;0;0;0;0;0;0;0;0
Godelnik 2017;GODELNIK_R_2017_MILLENNIALS_AND_THE_SHARI;0;1;0;0;0;0;0;0;0;0;0;0;0;0;0;0;0;0;1;0;1;0;0;0;0;0;1;0;0;0;0;0;0;0;0;0;0;0;0;0;0;0;0;0;0;1;0;0;0;0;0;0;0
Gruszka 2017;GRUSZKA_K_2017_FRAMING_THE_COLLABORATIVE;0;0;0;0;0;0;0;0;0;0;0;0;0;0;0;0;0;0;0;0;0;0;0;0;0;0;0;0;0;0;1;0;0;0;0;0;0;0;1;0;0;0;0;0;0;0;0;0;0;0;0;0;0
Haley 2017;HALEY_B_2017_DESIGNING_THE_PUBLIC_SECT;0;0;0;0;0;0;0;0;0;1;0;0;0;0;0;0;0;0;0;0;0;0;1;0;0;0;0;1;0;0;0;0;0;0;0;0;0;1;0;0;0;0;0;0;1;0;0;0;0;0;0;1;0
Hartman et al. 2017;HARTMAN_P_2017_DYNAMIC_CAPABILITIES_FOR;0;0;0;0;1;0;0;0;0;0;0;0;1;0;0;0;0;0;0;0;0;0;0;0;0;0;0;0;0;0;0;0;0;0;0;0;0;1;0;0;1;1;0;0;0;0;0;0;0;0;0;0;0
Hernández-Palacio 2017;HERNNDEZ_PALACIO_F_2017_A_TRANSITION_TO_A_DENSER;0;0;0;0;0;0;0;0;0;0;0;0;0;0;0;0;0;0;0;0;0;0;0;0;0;0;0;1;0;0;0;0;0;0;0;0;1;0;0;0;0;1;0;1;0;0;0;0;0;0;0;0;0
Hogarth 2017;HOGARTH_JR_2017_EVOLUTIONARY_MODELS_OF_SU;0;0;0;0;0;0;0;0;0;0;0;0;0;0;0;0;0;0;0;0;0;0;0;0;0;0;0;1;0;0;0;0;0;0;0;0;0;0;0;1;0;0;0;0;0;0;0;0;0;0;0;0;0
Huber 2017;HUBER_A_2017_THEORISING_THE_DYNAMICS_O;0;1;0;0;0;0;0;0;0;0;0;0;0;0;0;0;0;0;0;0;0;0;0;0;0;0;0;0;0;1;0;0;0;0;0;0;0;0;1;0;0;0;0;0;0;0;0;0;0;0;0;0;0
Jain et al. 2017;JAIN_M_2017_ANALYZING_SECTORAL_NICHE;0;0;0;0;0;0;0;0;0;0;0;0;0;0;0;0;0;0;0;0;0;0;0;0;0;0;1;0;0;0;0;0;0;0;0;0;0;0;0;0;0;0;0;0;0;0;0;1;0;0;0;1;0
Kieft et al. 2017;KIEFT_A_2017_INTERACTIONS_BETWEEN_SYST;0;0;0;0;0;0;0;0;0;0;0;0;0;0;0;0;0;0;0;0;0;0;0;0;0;0;0;0;0;0;0;0;1;0;0;0;0;0;0;0;0;0;0;0;0;0;0;0;0;0;0;1;0
Li & Strachan 2017;LI_FGN_2017_MODELLING_ENERGY_TRANSITI;0;0;0;0;0;0;0;0;0;0;0;0;0;0;0;0;0;0;0;0;0;0;0;0;0;0;0;0;0;0;0;0;0;0;0;0;0;0;0;0;1;0;0;1;0;0;0;0;0;0;0;0;0
Luqmani et al. 2017;LUQMANI_A_2017_FACTORS_BEHIND_SUSTAINABL;0;0;0;0;1;0;0;0;0;0;0;0;0;0;0;0;0;0;0;0;0;0;1;0;0;0;0;0;0;0;0;0;0;0;0;0;0;1;0;0;0;0;0;0;0;0;0;0;0;0;0;0;0
Maes & Passel 2017;MAES_D_2017_AN_AGENT_BASED_MODEL_OF_F;0;0;0;0;1;0;0;0;1;0;0;0;0;0;0;0;0;0;0;0;0;0;0;0;0;1;0;0;0;0;0;0;0;0;0;0;0;1;0;0;0;0;0;0;0;1;0;0;0;0;0;0;0
Martiskainen 2017;MARTISKAINEN_M_2017_THE_ROLE_OF_COMMUNITY_LEA;0;0;0;1;0;0;0;0;0;0;0;0;0;0;0;0;0;0;0;0;0;0;0;1;0;0;1;0;0;0;0;0;0;1;0;0;0;0;0;0;0;0;0;0;0;0;0;1;0;0;0;0;0
McDowall & Geels 2017;MCDOWALL_W_2017_TEN_CHALLENGES_FOR_COMPUT;0;0;0;0;0;0;0;0;0;0;0;0;0;0;0;0;0;0;0;0;0;0;0;0;0;0;0;0;0;0;0;0;0;0;0;0;0;0;0;0;1;0;0;1;0;0;0;0;0;0;0;0;0
McKee 2017;MCKEE_D_2017_NEOLIBERALISM_AND_THE_LEG;0;0;0;0;0;0;0;1;0;0;0;0;0;0;0;0;0;0;1;0;0;0;0;0;0;0;0;1;0;0;0;0;0;0;0;0;0;0;0;0;0;0;0;0;1;0;0;0;0;0;0;0;0
Nijland & van Meerkerk 2017;NIJLAND_H_2017_MOBILITY_AND_ENVIRONMENTA;0;1;0;0;0;0;0;0;0;0;0;0;0;0;0;0;0;0;0;0;0;0;0;0;1;0;0;0;0;0;0;0;0;0;0;0;0;0;0;0;0;0;0;0;0;1;0;0;0;0;0;0;0
Noailly & Shestalova 2017;NOAILLY_J_2017_KNOWLEDGE_SPILLOVERS_FROM;0;0;0;0;0;0;0;0;0;0;0;0;0;0;0;0;0;0;0;0;0;0;0;0;0;0;0;0;0;0;0;0;0;0;0;0;0;0;0;0;1;0;0;0;0;0;0;0;0;0;0;0;0
Nykamp 2017;NYKAMP_H_2017_A_TRANSITION_TO_GREEN_BUI;0;0;0;0;0;0;0;0;0;0;0;0;0;0;0;0;0;0;0;0;0;0;0;0;0;0;1;0;0;0;0;0;0;0;0;0;0;0;0;0;0;0;0;1;0;0;0;0;0;0;0;0;0
Olkkonen et al. 2017;OLKKONEN_L_2017_REDEFINING_A_STAKEHOLDER;0;1;1;0;0;0;0;0;0;0;0;0;0;0;0;0;0;0;0;0;0;1;0;0;1;0;0;0;0;0;0;0;0;0;0;0;0;1;0;0;0;0;0;0;0;0;0;0;0;0;0;0;0
Osunmuyiwa & Kalfagianni 2017;OSUNMUYIWA_O_2017_TRANSITIONS_IN_UNLIKELY_P;0;1;0;0;0;0;0;0;0;0;0;0;0;0;0;0;0;0;0;1;0;0;0;0;0;0;1;1;0;0;0;0;1;0;0;0;0;0;0;0;0;0;0;1;1;0;0;0;0;0;0;0;0
Pattersonet al. 2017;PATTERSON_J_2017_EXPLORING_THE_GOVERNANCE;0;0;0;0;0;0;0;0;0;0;0;0;0;0;1;0;0;1;0;0;0;0;0;0;0;0;0;0;1;0;0;1;0;0;0;0;0;0;0;0;0;0;0;0;1;0;0;0;1;0;0;0;0
Randelli &  Rocchi 2017;RANDELLI_F_2017_ANALYSING_THE_ROLE_OF_CON;0;1;0;0;0;0;0;0;0;1;0;0;0;0;0;0;0;0;0;0;0;0;1;0;1;0;1;0;0;0;0;0;0;0;0;0;0;0;0;0;0;1;0;0;0;0;0;0;0;0;0;1;0
Tongur & Engwall 2017;TONGUR_S_2017_EXPLORING_WINDOW_OF_OPPOR;0;0;0;0;0;0;0;0;0;1;0;0;1;0;0;0;0;0;0;0;0;0;0;0;0;0;1;0;0;0;0;0;0;0;0;0;0;1;0;0;0;0;0;0;0;0;0;0;0;0;0;1;0
Voytenko et al. 2017;VOYTENKO_PALGAN_Y_2017_SUSTAINABILITY_FRAMINGS_O;0;1;1;0;0;0;0;0;0;0;0;0;0;1;0;0;0;0;0;0;0;0;0;0;0;0;0;0;0;0;0;0;0;0;0;0;0;0;0;0;0;0;0;0;0;0;0;0;0;1;0;0;0
Winkler 2017;WINKLER_B_2017_INTEGRATED_ASSESSMENT_OF;0;0;0;0;0;0;0;0;0;0;0;0;0;0;0;0;0;0;0;0;0;0;0;0;0;0;0;0;0;0;0;0;0;1;0;0;0;1;1;0;0;0;0;0;0;0;0;0;0;0;0;0;0
Wittmayer et al. 2017;WITTMAYER_JM_2017_ACTOR_ROLES_IN_TRANSITION;0;0;0;0;0;0;1;0;0;0;0;0;0;0;0;0;0;0;1;0;0;0;0;0;0;0;0;0;1;0;0;0;0;0;0;0;0;0;0;0;0;0;0;0;1;0;0;0;0;0;0;0;1
Barnes et al. 2018;BARNES_J_2018_THE_INSTITUTIONALISATION;1;0;0;0;0;0;1;0;0;0;0;0;0;0;0;1;0;0;0;0;0;0;0;0;0;0;0;0;0;0;0;0;1;1;0;0;1;1;0;0;0;0;0;0;1;0;0;0;0;1;0;0;0
Bauer 2018;BAUER_F_2018_NARRATIVES_OF_BIOREFINERY;0;0;0;0;0;0;0;0;0;0;0;0;0;1;0;0;0;0;0;0;0;0;0;0;0;0;0;0;0;0;0;0;0;0;0;0;0;0;0;0;1;0;0;0;0;0;0;0;0;1;0;0;0
Becker et al. 2018;BECKER_SL_2018_REGIME_PRESSURES_AND_ORGA;0;0;0;1;0;0;0;0;0;0;0;0;0;0;1;0;1;0;0;0;0;0;1;0;0;0;1;0;0;0;0;0;0;1;0;0;0;1;0;0;0;0;0;1;0;0;0;0;0;0;0;0;0
Belminet al. 2018;BELMIN_R_2018_CONTRIBUTION_OF_TRANSITIO;0;0;0;0;0;0;0;0;0;0;0;0;0;0;0;0;0;0;0;0;0;0;0;0;0;0;1;0;0;0;0;0;1;1;1;0;0;1;0;0;0;1;0;0;0;0;0;0;0;0;0;0;0
Binz & Anadon 2018;BINZ_C_2018_UNRELATED_DIVERSIFICATION;0;0;0;0;0;0;0;0;0;0;0;1;0;0;0;0;1;0;0;0;0;0;0;0;0;0;0;0;0;0;0;0;0;1;1;1;0;0;0;0;0;1;0;0;0;0;0;0;0;0;0;1;0
Birtchnell et al. 2018;BIRTCHNELL_T_2018_ON_THE_VERGE_OF_CHANGE_M;0;1;0;0;0;0;0;0;0;0;0;0;0;0;0;0;0;0;0;0;0;0;0;0;0;0;1;1;0;0;0;0;0;0;0;0;0;0;0;0;0;0;0;1;0;0;0;0;0;0;0;0;0
Bocken et al. 2018;BOCKEN_NMP_2018_EXPERIMENTING_WITH_A_CIRC;0;0;1;0;0;0;0;0;0;0;0;0;0;0;0;0;0;0;0;0;1;1;0;0;0;0;0;0;0;0;0;1;0;0;0;0;0;1;0;0;0;0;0;0;0;0;0;0;0;0;0;0;0
Bögel &  Upham 2018;BGEL_PM_2018_ROLE_OF_PSYCHOLOGY_IN_SOC;0;1;0;0;0;0;0;0;0;0;0;0;0;0;0;0;0;0;0;0;0;0;0;0;1;0;0;0;0;0;0;0;0;0;0;0;0;0;0;0;0;0;0;0;0;1;0;0;0;0;0;0;0
Borghei & Magnusson 2018;BORGHEI_BB_2018_NICHE_AGGREGATION_THROUGH;0;0;0;0;0;0;0;0;0;0;0;0;0;0;0;0;0;0;0;0;1;0;0;0;0;0;1;0;0;0;0;0;0;0;0;0;0;1;0;0;0;0;0;0;0;0;0;1;0;0;0;0;0
Boyer 2018;BOYER_RHW_2018_INTERMEDIACY_AND_THE_DIFF;0;0;0;1;0;1;0;0;1;0;0;0;0;0;0;0;0;0;0;0;0;0;0;1;0;0;1;0;0;0;0;0;0;0;0;0;0;0;0;0;0;1;0;0;0;0;0;0;0;0;0;0;0
Busch et al. 2018;BUSCH_J_2018_DESIGNING_INDUSTRIAL_STRA;0;0;0;0;0;0;0;0;0;0;0;1;0;0;0;0;0;0;0;0;0;0;0;0;0;0;0;1;0;0;0;0;0;0;0;0;0;0;0;1;0;0;0;0;1;0;0;0;0;0;0;0;0
Carroli 2018;CARROLI_L_2018_PLANNING_ROLES_IN_INFRAST;0;0;0;0;0;0;0;0;0;0;0;0;0;0;0;0;0;0;0;0;0;0;0;0;0;0;0;1;0;0;0;0;0;1;0;1;1;0;0;0;0;0;0;1;1;0;0;0;0;0;0;0;0
Celata & Coletti 2018;CELATA_F_2018_THE_POLICING_OF_COMMUNITY;0;0;0;0;0;0;0;1;0;0;0;0;0;0;0;0;0;0;0;0;0;0;0;0;0;0;0;0;1;0;0;0;0;0;0;0;1;0;1;1;0;1;0;0;0;0;0;0;0;0;0;0;0
Dinnie & Holstead 2018;DINNIE_E_2018_THE_INFLUENCE_OF_PUBLIC_F;0;0;0;1;0;0;0;0;0;0;1;0;0;0;0;0;0;0;0;0;0;0;0;0;0;0;0;0;0;0;0;0;0;1;0;0;1;0;1;0;0;1;0;0;0;0;0;0;0;0;0;0;0
Ehnert et al. 2018;EHNERT_F_2018_URBAN_SUSTAINABILITY_TRAN;0;0;0;0;0;0;0;0;0;0;0;0;0;0;0;0;0;0;0;0;0;0;0;0;0;0;0;1;1;0;0;0;0;0;0;1;1;0;0;0;0;0;0;1;1;0;0;0;0;0;0;0;0
Firestone et al. 2018;FIRESTONE_J_2018_POWER_TRANSMISSION_WHERE;0;1;0;0;0;0;0;0;0;0;0;0;1;0;0;0;0;0;0;0;0;0;0;0;0;0;0;0;0;0;1;1;0;1;0;0;0;0;0;0;0;0;0;0;0;1;0;0;0;0;0;0;0
Frantzeskaki & Rok 2018;FRANTZESKAKI_N_2018_CO_PRODUCING_URBAN_SUSTAI;0;0;0;1;0;0;0;0;0;0;0;0;0;0;0;0;0;0;1;0;0;0;0;0;0;0;0;0;1;0;0;0;0;0;0;0;1;0;0;0;0;1;0;0;0;0;0;0;0;0;0;0;0
Giurca & Metz 2018;GIURCA_A_2018_A_SOCIAL_NETWORK_ANALYSIS;0;0;0;0;0;0;1;0;0;0;0;0;0;0;0;0;0;0;0;0;0;0;0;0;0;0;0;0;0;0;0;0;0;0;0;0;0;0;0;0;0;0;0;0;0;0;0;0;0;0;0;1;0
Håkansson 2018;HKANSSON_I_2018_THE_SOCIO_SPATIAL_POLITIC;0;0;0;1;0;0;0;1;0;0;0;0;0;0;0;0;0;0;0;0;0;0;0;0;0;0;0;0;1;0;0;0;0;1;0;0;0;0;1;0;0;1;0;0;0;0;0;0;0;0;0;0;0
Hanson 2018;HANSON_J_2018_ESTABLISHED_INDUSTRIES_AS;0;0;0;0;0;0;0;0;0;0;0;0;0;0;0;0;0;0;0;0;0;0;0;0;0;0;0;0;0;0;0;0;1;0;0;0;0;1;0;0;0;0;0;0;0;0;0;0;0;0;0;1;0
Haukkala 2018;HAUKKALA_T_2018_A_STRUGGLE_FOR_CHANGETHE;0;0;0;0;0;1;1;0;0;0;0;0;0;0;0;0;0;0;0;0;0;0;0;0;0;0;0;1;1;0;0;0;0;0;0;0;0;0;0;0;0;0;0;0;1;0;0;0;0;0;0;0;0
Heiskanen et al. 2018;HEISKANEN_E_2018_INCUMBENT_ENERGY_COMPANIE;0;0;0;0;1;0;0;0;0;0;0;0;0;0;0;0;0;0;0;0;0;0;0;0;0;1;0;0;1;0;0;0;0;0;0;0;0;0;1;0;0;0;0;0;0;0;0;0;0;1;0;0;0
Henfrey & Penha-Lopes 2018;HENFREY_T_2018_POLICY_AND_COMMUNITY_LED;0;0;0;1;0;0;0;0;0;0;0;0;0;0;0;0;0;0;1;0;0;0;0;0;0;0;0;0;0;0;0;0;0;1;0;0;0;0;1;0;0;0;0;0;0;0;0;0;0;0;0;0;0
Hess et al. 2018;HESS_DJ_2018_LOCAL_MATTERS_POLITICAL;0;0;0;0;0;0;0;0;0;0;0;0;0;0;0;0;0;0;0;0;0;0;0;0;0;0;0;0;1;0;1;0;0;0;0;0;0;0;0;0;0;0;0;0;1;0;0;0;0;1;0;0;0
Hobson et al. 2018;HOBSON_K_2018_SYSTEMS_OF_PRACTICE_AND_T;0;1;0;0;0;0;0;0;0;0;0;0;0;0;0;0;0;0;0;0;0;0;0;0;0;0;0;0;0;1;0;1;0;0;0;0;0;1;0;0;0;0;0;0;0;0;0;0;0;0;0;0;0
Hölscher et al. 2018;HLSCHER_K_2018_TRANSITION_VERSUS_TRANSFO;0;0;0;0;0;0;0;0;0;0;0;0;0;0;0;0;0;0;0;0;0;0;0;0;0;0;0;0;0;0;0;0;1;0;0;0;0;0;0;0;0;0;0;1;0;0;0;0;0;0;0;0;1
Huang & Castán Broto 2018;HUANG_P_2018_INTERDEPENDENCE_BETWEEN_U;0;0;0;0;0;0;0;0;0;0;0;0;0;0;0;0;0;0;0;0;0;0;0;0;0;0;0;0;1;0;0;0;0;0;0;0;1;0;0;0;0;1;0;0;0;0;0;0;0;0;0;0;0
Ingram 2018;INGRAM_J_2018_AGRICULTURAL_TRANSITION;0;0;0;1;0;0;0;0;0;0;0;0;0;0;0;0;0;0;0;0;1;0;1;0;0;0;1;0;0;0;0;0;0;0;0;0;0;0;0;0;0;0;0;0;0;0;0;0;0;1;0;0;0
Johnstone & Newell 2018;JOHNSTONE_P_2018_SUSTAINABILITY_TRANSITION;0;0;0;0;0;0;0;0;0;0;0;0;0;0;0;0;0;0;0;0;0;0;0;0;0;0;0;1;1;0;0;0;0;0;0;0;0;0;0;0;0;0;0;0;1;0;0;0;0;0;0;0;0
Kampelmann et al. 2018;KAMPELMANN_S_2018_CURATING_COMPLEXITY_AN_A;0;0;0;0;0;0;0;0;0;0;0;0;0;0;0;0;0;0;0;0;0;0;0;0;0;0;0;0;0;0;0;0;0;0;0;0;0;0;1;0;0;0;0;0;0;0;0;0;0;0;0;0;0
Kern & Rogge 2018;KERN_F_2018_HARNESSING_THEORIES_OF_TH;0;0;0;0;0;0;0;0;0;0;0;0;0;0;0;0;0;0;0;0;0;0;0;0;0;0;0;1;1;0;0;0;0;0;0;0;0;0;0;0;0;0;0;1;1;0;0;0;0;0;0;1;0
Koehrsen 2018;KOEHRSEN_J_2018_RELIGIOUS_AGENCY_IN_SUSTA;0;0;0;0;0;0;0;0;0;0;0;0;0;0;0;0;0;1;0;0;0;0;0;0;0;0;1;0;0;0;0;0;1;0;0;0;0;0;1;0;0;0;0;1;0;0;0;0;0;0;0;0;0
Kucharski & Unesaki 2018;KUCHARSKI_JB_2018_AN_INSTITUTIONAL_ANALYSIS;0;0;0;0;0;0;0;0;0;0;0;0;1;0;1;1;0;0;0;0;0;0;0;0;0;0;0;1;0;0;0;0;0;0;0;0;0;0;0;0;1;0;0;0;1;0;0;0;0;0;0;0;0
Kungl & Geels 2018;KUNGL_G_2018_SEQUENCE_AND_ALIGNMENT_OF;0;0;0;0;0;0;0;0;0;0;0;0;0;0;0;0;0;0;0;1;0;0;0;0;0;0;0;0;0;0;0;0;0;0;0;0;0;0;0;0;0;0;0;1;0;0;0;0;0;0;0;0;0
Lukkarinen Jet al. 2018;LUKKARINEN_J_2018_AN_INTERMEDIARY_APPROACH;0;0;0;0;0;1;1;0;0;0;0;0;0;0;0;0;0;0;0;0;0;0;0;0;1;0;0;0;0;0;0;0;0;0;1;1;0;0;0;0;0;1;0;0;0;0;0;0;0;0;0;1;0
Martiskainen & Kivimaa 2018;MARTISKAINEN_M_2018_CREATING_INNOVATIVE_ZERO;0;0;0;0;0;1;1;0;0;0;0;0;0;0;0;0;0;0;0;0;0;0;0;1;0;0;0;0;0;0;0;0;0;0;0;0;0;0;0;0;0;0;0;1;0;0;0;0;0;0;0;1;0
Mayer 2018;MAYER_A_2018_A_JUST_TRANSITION_FOR_COA;0;0;0;0;0;0;0;0;0;0;0;0;0;0;0;0;0;0;1;0;0;0;0;0;0;0;0;1;0;0;0;0;0;0;0;0;0;0;0;0;1;1;0;0;0;0;0;0;0;0;0;0;0
Mignon & Kanda 2018;MIGNON_I_2018_A_TYPOLOGY_OF_INTERMEDIAR;0;0;0;0;0;1;0;0;0;0;0;0;0;0;0;0;0;0;0;0;0;0;0;0;0;0;0;1;0;0;0;0;0;0;0;0;0;1;0;0;0;0;0;0;0;0;0;0;0;0;0;0;0
Mossberg et al. 2018;MOSSBERG_J_2018_CROSSING_THE_BIOREFINERY;0;0;0;0;0;0;1;0;0;0;0;0;0;0;0;0;0;0;0;0;0;0;0;0;0;0;1;0;0;0;0;0;0;0;0;0;0;0;0;0;0;0;0;0;0;0;0;0;0;0;0;1;0
Prendeville et al. 2018;PRENDEVILLE_S_2018_CIRCULAR_CITIES_MAPPING;0;0;0;0;0;0;0;0;0;0;0;0;0;0;0;0;0;0;0;0;0;0;0;1;0;0;0;0;0;0;0;1;0;0;0;0;1;1;0;0;0;0;0;0;0;0;0;0;0;0;0;0;0
Ramiller & Schmidt 2018;RAMILLER_A_2018_SCALE_LIMITS_TO_SUSTAINAB;0;0;0;0;0;0;0;0;0;0;0;0;0;0;0;0;0;0;0;0;0;0;0;0;0;0;0;0;0;0;0;0;0;0;0;1;0;0;0;0;0;1;0;0;0;0;0;0;0;0;0;0;0
Roddis 2018;RODDIS_P_2018_ECO_INNOVATION_TO_REDUCE;0;0;0;0;0;0;0;0;0;1;0;0;0;0;0;0;0;0;0;0;0;0;1;0;0;0;0;0;0;0;0;1;0;0;0;0;0;1;0;0;0;1;0;0;0;0;0;0;0;0;0;0;0
Rosenbloom 2018;ROSENBLOOM_D_2018_FRAMING_LOW_CARBON_PATHWA;0;0;0;0;0;0;1;0;0;0;0;0;0;0;0;0;0;0;0;0;0;0;0;0;0;0;0;1;1;0;0;0;0;0;0;0;0;0;0;0;0;0;0;0;1;0;0;0;0;1;0;0;0
Sarasini & Linder 2018;SARASINI_S_2018_INTEGRATING_A_BUSINESS_MO;0;0;0;0;0;0;0;0;0;1;0;0;0;0;0;0;0;0;0;0;0;1;0;0;0;0;0;0;0;0;0;1;0;0;0;0;0;1;0;0;0;0;0;1;0;0;0;0;0;0;0;1;0
Sørensen et al. 2018;SRENSEN_KH_2018_ARTICULATIONS_OF_MUNDANE;0;0;0;0;0;0;0;0;0;0;0;0;0;0;0;0;0;0;0;0;0;0;0;1;0;0;0;0;1;0;0;0;0;0;0;0;0;0;1;0;0;0;0;0;0;0;0;0;0;0;0;0;0
van Mossel  et al. 2018;VAN_MOSSEL_A_2018_NAVIGATORS_THROUGH_THE_ST;0;0;0;0;1;0;0;0;0;0;0;0;0;0;0;0;0;0;0;0;0;0;0;0;0;1;0;0;0;0;0;0;0;0;0;0;0;1;0;0;0;0;0;1;0;0;0;0;0;1;0;0;0
Van Oers et al. 2018;VAN_OERS_LM_2018_THE_CREATION_OF_LEGITIMAC;0;0;0;1;0;0;0;0;0;0;0;0;0;0;0;0;0;1;0;0;0;0;0;0;0;0;0;0;0;0;0;0;0;1;0;0;0;1;0;0;0;0;0;0;0;0;0;0;0;1;0;0;0
Antal 2019;ANTAL_M_2019_HOW_THE_REGIME_HAMPERED_A;0;0;0;0;0;0;0;1;0;0;0;0;0;0;0;0;0;0;0;0;0;0;0;0;0;0;0;1;1;0;0;0;0;0;0;0;0;0;0;0;0;0;0;1;1;0;0;0;0;0;0;0;0
Arapostathis & Pearson 2019;;0;0;0;0;0;0;0;0;0;0;0;0;0;0;0;0;0;0;0;0;0;0;0;0;0;0;0;0;0;0;0;0;0;0;0;0;0;0;0;0;0;0;0;0;0;0;0;0;0;0;0;0;0
Arapostathis et al. 2019;ARAPOSTATHIS_S_2019_STEERING_THE_C_DAY_INSIG;0;0;0;0;1;0;0;0;0;0;0;0;0;0;0;1;0;0;0;0;0;0;0;0;0;0;0;1;0;0;0;0;0;0;0;0;0;0;0;0;1;0;0;0;0;0;0;0;0;1;0;0;0
Bhamidipati et al. 2019;BHAMIDIPATI_PL_2019_AGENCY_IN_TRANSITION_THE;1;0;0;0;1;0;0;0;0;0;0;0;0;0;0;0;0;0;1;0;0;0;0;0;0;0;0;0;1;0;0;0;0;0;0;1;0;0;1;0;1;0;0;1;0;0;0;0;0;0;0;0;0
Bladh 2019;BLADH_M_2019_ORIGIN_OF_CAR_ENTHUSIASM;0;0;0;0;0;0;0;0;0;0;0;0;0;1;0;0;0;0;0;0;0;0;0;0;0;0;0;0;0;0;0;0;0;0;0;0;0;0;0;0;0;0;0;0;0;0;0;0;0;1;0;0;0
Bolton et al. 2019;BOLTON_R_2019_GRAND_VISIONS_AND_PRAGMAT;0;0;0;0;0;0;0;0;0;0;0;0;0;1;0;0;0;0;0;0;0;0;0;0;0;0;0;0;0;0;0;0;0;0;0;0;0;0;0;0;0;0;0;0;0;0;0;0;0;0;1;0;0
Bose & Hughes 2019;BOSE_STYCZYNSKI_A_2019_PUBLIC_POLICY_STRATEGIES;0;0;0;0;0;0;0;0;0;0;0;0;0;0;0;0;0;0;0;0;0;0;0;0;0;0;0;1;0;0;0;0;0;0;0;0;0;0;0;0;0;0;0;0;1;0;0;0;0;0;0;0;0
Clausen & Fichter 2019;CLAUSEN_J_2019_THE_DIFFUSION_OF_ENVIRONM;0;0;0;0;0;0;0;0;0;0;0;0;0;0;0;0;0;0;0;0;0;0;0;0;1;0;1;0;0;0;0;0;0;0;0;0;0;1;0;0;1;0;0;0;0;0;0;0;0;0;0;0;0
Dai 2019;DAI_Y_2019_POLICY_INSTRUMENT_DESIGNE;0;0;0;0;0;0;0;0;0;0;0;0;0;0;0;0;0;1;0;0;0;0;0;0;0;0;0;1;0;0;1;0;0;0;0;0;0;1;0;0;0;0;0;0;1;0;0;0;0;0;0;0;0
Duygan et al. 2019;DUYGAN_M_2019_A_HEURISTIC_FOR_CONCEPTUA;1;0;0;0;0;0;0;0;0;0;0;0;0;0;0;1;0;0;0;0;0;0;0;0;0;0;0;0;1;0;0;0;1;0;0;0;0;0;0;0;0;0;0;0;0;0;0;0;0;1;0;0;0
Ely et al. 2019;;0;0;0;0;0;0;0;0;0;0;0;0;0;0;0;0;0;0;0;0;0;0;0;0;0;0;0;0;0;0;0;0;0;0;0;0;0;0;0;0;0;0;0;0;0;0;0;0;0;0;0;0;0
Flynnet al. 2019;FLYNN_A_2019_GOVERNANCE_OF_THE_CIRCULA;0;0;0;0;0;0;0;0;0;0;0;0;0;0;0;0;0;0;0;0;0;0;0;0;0;0;0;0;0;0;0;1;0;0;0;0;0;0;0;0;0;0;0;0;1;0;0;0;0;0;0;0;0
Fotopoulos et al. 2019;FOTOPOULOS_Y_2019_BRANCHING_POINTS_AND_TRAN;0;0;0;0;0;0;0;1;0;0;1;0;1;0;0;0;0;0;1;0;0;0;0;0;0;0;0;0;0;0;0;0;0;0;1;1;0;0;0;0;0;0;0;0;1;0;0;0;0;0;0;0;0
Geall & Ely 2019;GEALL_S_2019_AGRI_FOOD_TRANSITIONS_AND;0;0;0;0;0;0;0;0;0;0;0;0;0;0;0;0;0;1;0;0;0;0;0;0;1;0;1;0;0;0;0;0;0;0;0;0;0;0;0;0;0;0;0;0;0;0;0;0;0;1;0;0;0
Haas 2019;HAAS_T_2019_COMPARING_ENERGY_TRANSITI;0;0;0;0;0;0;0;1;0;0;0;0;0;0;0;0;0;0;0;0;0;0;0;0;0;0;0;1;1;0;0;0;0;0;0;0;0;0;0;0;0;0;0;0;1;0;0;0;0;0;0;0;0
Hiteva & Watson 2019;HITEVA_R_2019_GOVERNANCE_OF_INTERACTION;0;0;0;0;0;0;0;0;0;0;0;0;0;0;0;0;0;1;0;0;0;0;0;0;0;0;0;0;0;0;0;0;0;0;0;0;0;0;0;0;0;0;0;1;0;0;0;0;0;1;0;0;0
Hubeau et al. 2019;HUBEAU_M_2019_SHARING_IS_CARING_THE_RO;0;0;0;0;0;0;1;0;0;0;0;0;0;0;0;0;0;1;0;0;0;0;0;0;0;0;0;0;0;0;0;0;0;0;0;0;0;0;0;0;0;0;0;0;0;0;0;0;0;1;0;0;0
Huxley et al. 2019;HUXLEY_R_2019_THE_ROLE_OF_REGIME_LEVEL;0;0;0;0;1;0;0;0;0;0;0;0;0;0;0;0;0;0;0;0;0;0;0;0;0;0;0;0;0;0;0;0;1;0;0;0;1;0;0;0;0;1;0;0;0;0;0;0;0;0;0;0;0
Ivanov 2019;IVANOV_MJ_2019_GOVERNED_BY_TENSIONS_THE;0;0;0;0;0;0;0;1;0;0;0;1;0;0;0;0;0;0;0;0;0;0;0;0;0;0;0;0;1;0;0;0;0;0;0;0;0;0;0;0;0;0;0;0;0;0;0;0;0;1;0;0;0
Kanger & Schot 2019;KANGER_L_2019_DEEP_TRANSITIONS_THEORIZ;0;0;0;0;0;0;0;0;0;0;0;0;0;0;1;0;0;0;0;0;0;0;0;0;0;0;1;0;0;0;0;0;0;0;0;0;0;0;0;0;0;0;0;1;0;0;0;0;0;0;1;0;0
Karslen et al. 2019;KARSLEN_R_2019_AN_AGENT_BASED_MODEL_OF_C;0;0;0;0;0;0;0;0;0;0;0;0;0;0;0;0;0;0;0;0;0;0;0;0;0;0;0;0;0;0;0;0;1;0;0;0;0;0;0;0;1;0;0;0;0;0;0;0;0;0;0;0;0
Kivimaa et al. 2019;KIVIMAA_P_2019_PASSING_THE_BATON_HOW_IN;0;0;0;0;0;1;0;0;0;1;0;0;0;0;0;0;0;0;0;0;0;0;0;0;0;0;0;0;0;0;0;0;0;0;0;0;0;1;0;0;0;0;0;1;0;0;0;0;0;0;0;0;0
Köhler et al. 2019;KHLER_J_2019_AN_AGENDA_FOR_SUSTAINABIL;0;0;0;0;0;0;0;0;0;0;0;0;0;0;0;0;0;0;0;0;0;0;0;0;0;0;0;0;0;0;0;0;0;0;0;0;0;0;0;0;0;0;0;0;0;0;0;0;0;0;0;0;0
Lang & Mohnen 2019;LANG_L_2019_AN_ORGANIZATIONAL_VIEW_ON;0;1;0;0;1;0;0;0;0;0;0;0;0;0;0;0;0;1;0;0;0;0;1;0;1;0;0;0;0;0;0;0;0;0;0;0;0;1;0;0;0;0;0;0;0;1;0;0;0;0;0;0;0
Lee & Hess 2019;LEE_D_2019_INCUMBENT_RESISTANCE_AND;0;0;0;0;1;0;0;0;0;0;0;0;0;1;0;0;0;0;0;0;0;0;0;0;0;0;0;0;1;0;1;0;0;0;0;0;0;0;0;0;0;0;0;0;0;0;0;0;0;1;0;0;0
Meelen et al. 2019;MEELEN_T_2019_VIRTUAL_USER_COMMUNITIES;0;1;0;0;0;0;0;0;0;0;0;0;0;0;0;0;0;0;0;0;0;0;0;0;1;0;0;0;0;1;0;0;0;1;0;1;0;1;0;0;0;0;0;0;0;0;0;0;0;0;0;0;0
Meijer et al. 2019;MEIJER_LLJ_2019_ALIGN_ADAPT_OR_AMPLIFY;0;0;1;0;0;0;0;0;1;0;0;0;0;0;0;0;0;0;0;0;0;1;0;0;0;0;1;0;0;0;0;0;1;0;0;0;0;1;0;0;1;0;0;0;0;0;0;0;0;0;0;0;0
Moallemi & Köhler 2019;MOALLEMI_EA_2019_COPING_WITH_UNCERTAINTIES;0;1;0;0;0;0;0;0;0;0;0;0;0;0;0;0;0;0;0;0;0;0;0;0;0;0;0;0;0;0;0;0;0;0;0;0;0;0;0;0;1;0;0;0;0;0;0;0;0;0;0;0;0
Morais & Bussler 2019;MORAIS_MOURATO_J_2019_COMMUNITY_BASED_INITIATIV;0;0;0;1;0;0;0;0;0;0;0;0;0;0;0;0;0;0;0;0;0;0;0;0;0;0;0;0;0;0;0;1;0;1;0;0;0;0;0;0;0;0;0;0;1;0;0;0;0;0;0;0;0
Mühlemeier 2019;MHLEMEIER_S_2019_DINOSAURS_IN_TRANSITION;0;0;0;0;1;0;0;0;0;0;0;0;1;0;0;0;0;0;0;0;0;0;1;0;0;1;0;0;0;0;0;0;0;0;0;0;1;1;0;0;0;0;0;1;0;0;0;0;0;0;0;0;0
Munro 2019;MUNRO_FR_2019_RENEWABLE_ENERGY_AND_TRAN;0;0;0;0;0;0;0;0;0;0;0;0;0;0;0;0;0;0;0;0;0;0;0;0;0;0;0;0;0;0;0;0;0;0;1;0;0;0;0;0;0;1;0;1;0;0;0;0;0;0;0;0;0
Mylan et al. 2019;MYLAN_J_2019_RAGE_AGAINST_THE_REGIME;0;0;0;0;0;0;0;0;0;0;0;0;0;0;0;0;0;0;0;0;0;0;0;0;0;0;1;0;0;0;0;0;1;0;0;0;0;0;0;0;0;0;0;1;0;0;0;0;0;0;0;0;0
Nielsen & Farrelly 2019;NIELSEN_J_2019_CONCEPTUALISING_THE_BUILT;0;0;0;0;0;0;0;0;0;0;0;0;1;0;0;0;0;0;0;0;0;0;0;0;0;0;0;0;0;0;0;0;0;0;0;0;1;0;1;0;0;0;0;0;0;0;0;0;0;0;0;0;0
Noel et al. 2019;NOEL_L_2019_CONSPICUOUS_DIFFUSION_TH;0;1;0;0;0;0;0;0;0;0;0;0;0;0;0;0;0;0;0;0;0;0;0;0;1;0;1;0;0;0;0;0;0;0;0;0;0;1;0;0;0;0;0;0;0;0;0;0;0;0;0;0;0
Normann 2019;NORMANN_HE_2019_CONDITIONS_FOR_THE_DELIBE;0;0;0;0;1;0;1;0;0;0;0;0;0;0;0;0;0;0;0;0;0;0;0;0;0;0;0;0;0;0;0;0;1;0;0;0;0;0;0;0;0;0;0;1;1;0;0;0;0;0;0;0;0
Nuvolari 2019;NUVOLARI_A_2019_UNDERSTANDING_SUCCESSIVE;0;0;0;0;0;0;0;0;0;0;0;0;0;0;0;0;0;0;0;0;0;0;0;0;0;0;0;0;0;0;0;0;0;0;0;0;0;0;0;0;0;0;0;0;0;0;0;0;0;0;1;1;0
Pan et al. 2019;PAN_M_2019_COMPARING_THE_INNOVATION;0;0;0;0;1;0;0;0;1;0;0;0;0;0;0;0;0;0;0;0;0;0;1;0;1;0;0;1;0;0;0;0;0;0;0;1;0;1;0;0;0;0;0;0;0;0;0;0;0;0;0;1;0
Papachristos 2019;PAPACHRISTOS_G_2019_SYSTEM_DYNAMICS_MODELLING;0;0;0;0;0;0;0;0;0;0;0;0;0;0;0;0;0;0;0;0;0;0;0;0;0;0;0;0;0;0;0;0;0;0;0;0;0;0;0;0;1;0;0;0;0;0;0;0;0;0;0;0;0
Pelzer et al. 2019;PELZER_P_2019_INSTITUTIONAL_ENTREPRENEU;0;0;0;0;0;0;0;0;0;1;0;0;0;0;0;1;0;0;0;0;0;1;0;0;0;0;0;1;0;0;0;0;1;0;0;0;0;0;0;0;0;0;0;0;1;0;0;0;0;1;0;0;0
Rubio-Varas 2019;RUBIO_VARAS_MDM_2019_THE_FIRST_WORLD_WAR_AND_T;0;0;0;0;0;0;0;1;0;0;0;0;0;0;0;0;0;0;0;0;0;0;0;0;0;0;0;0;0;0;0;0;0;0;0;1;0;1;0;0;0;0;0;0;0;0;0;0;0;0;1;0;0
Sanz-Hernández et al. 2019;SANZ_HERNNDEZ_A_2019_A_TRANSITION_TO_AN_INNOVA;0;0;0;0;0;0;0;0;0;0;0;0;0;0;0;0;0;0;1;0;0;0;0;1;0;0;0;0;0;0;0;0;0;1;1;1;0;1;0;0;0;0;0;0;0;1;0;0;0;0;0;0;0
Sawulski et al. 2019;SAWULSKI_J_2019_TECHNOLOGICAL_INNOVATION;0;0;0;0;0;0;0;0;0;0;0;0;0;0;0;0;1;0;0;0;0;0;0;0;0;0;0;0;0;0;0;0;0;0;0;0;0;0;0;0;0;0;0;0;0;0;0;0;0;0;0;1;0
Schanz et al. 2019;SCHANZ_H_2019_MARKETS_AS_LEVERAGE_POINT;0;0;0;0;0;0;1;0;0;0;0;0;0;0;1;0;0;0;0;0;0;0;0;0;1;0;0;0;0;0;0;0;0;0;0;0;0;0;0;1;0;0;0;0;0;0;0;0;0;0;0;0;0
Shen & Wang 2019;SHEN_W_2019_ADAPTIVE_POLICY_INNOVATIO;0;0;0;0;0;0;0;0;0;0;0;0;0;0;0;0;0;0;0;0;0;0;0;0;0;0;1;1;0;0;0;0;0;0;0;0;0;0;1;0;0;0;0;0;0;0;0;0;0;0;0;0;0
Sovacool, Kester et al. 2019;SOVACOOL_BK_2019_CONTESTED_VISIONS_AND_SOC;0;0;0;0;0;0;0;0;0;0;0;0;0;1;0;0;0;0;0;0;0;0;0;0;0;0;0;0;0;0;1;0;0;0;0;0;0;0;0;0;0;0;0;0;0;0;0;0;0;1;0;0;0
Sovacool, Rogge et al. 2019;SOVACOOL_BK_2019_TRANSFORMATIVE_VERSUS_CON;0;0;0;0;1;0;0;0;1;0;0;0;0;0;0;0;0;0;0;0;0;0;1;0;0;0;0;0;0;0;0;0;0;0;0;0;0;1;0;0;0;0;0;0;0;0;0;0;0;0;0;1;0
Tchalakov & Hristov 2019;TCHALAKOV_I_2019_THE_BULGARIAN_NUCLEAR_SEC;0;0;0;0;0;0;0;0;0;0;0;0;0;0;0;0;0;1;0;0;0;0;0;0;0;0;0;0;1;0;0;0;0;0;0;1;0;0;0;0;0;0;0;0;0;0;0;0;0;1;0;0;0
Torrens et al. 2019;TORRENS_J_2019_SEEDBEDS_HARBOURS_AND_B;0;0;0;0;0;0;0;0;0;0;0;0;0;0;0;0;0;0;0;0;0;0;1;0;0;0;1;0;0;0;0;0;0;0;0;0;1;0;0;0;0;1;0;1;0;0;0;0;0;0;0;0;0
van der Vleuten 2019;VAN_DER_VLEUTEN_E_2019_RADICAL_CHANGE_AND_DEEP_T;1;0;0;0;0;0;0;0;0;0;0;0;1;0;0;0;0;0;0;0;0;0;0;0;0;0;0;0;0;0;0;0;0;0;0;0;1;0;0;0;0;0;0;0;0;0;0;0;0;0;1;0;0
van Welie, Truffer, Gebauer 2019;VAN_WELIE_MJ_2019_INNOVATION_CHALLENGES_OF;0;0;0;0;1;0;1;0;0;1;0;0;1;0;0;0;0;0;0;0;0;0;1;0;0;0;0;0;0;0;0;0;0;1;0;0;1;1;0;0;0;0;0;0;0;0;0;0;0;0;0;1;0
van Welie, Truffer, Yap 2019;VAN_WELIE_MJ_2019_TOWARDS_SUSTAINABLE_URBAN;0;0;1;1;0;0;1;0;0;1;0;0;0;0;0;0;1;0;0;0;0;0;1;0;0;1;0;0;0;0;0;0;0;0;0;0;1;0;0;0;0;0;0;0;0;0;0;0;0;0;0;1;0
Williams & Doyon 2019;WILLIAMS_S_2019_JUSTICE_IN_ENERGY_TRANSIT;0;0;0;0;0;0;0;0;0;0;0;0;0;0;0;0;0;0;1;0;0;0;0;0;0;0;0;0;1;0;0;1;0;0;0;0;0;0;0;0;0;0;0;0;1;0;0;0;0;1;0;0;0
Wreford et al 2019;WREFORD_A_2019_ENABLING_A_TRANSFORMATION;0;0;0;0;0;0;0;0;0;0;0;0;0;0;0;0;0;0;0;0;0;0;0;0;0;0;1;1;0;0;0;0;1;0;0;0;0;0;0;0;1;0;0;0;0;0;0;0;0;0;0;0;0
Zuev et al. 2019;ZUEV_D_2019_WHERE_IS_THE_POLITICS_E;0;0;0;0;0;0;0;0;0;0;0;0;0;0;0;0;0;0;0;0;0;0;0;0;0;0;0;0;1;0;1;0;0;0;0;0;0;0;0;0;0;0;0;0;0;0;0;0;0;1;0;0;0
Andersen et al. 2020;ANDERSEN_AD_2020_THE_ROLE_OF_INTER_SECTORA;0;0;0;0;0;0;0;0;0;0;0;0;0;0;0;0;0;0;0;0;0;0;0;0;0;0;0;0;0;0;0;0;0;0;0;0;0;0;0;1;0;0;0;1;0;0;0;0;0;0;0;1;0
Antal et al. 2020;ANTAL_M_2020_LET_S_FOCUS_MORE_ON_NEGAT;0;0;0;0;0;0;0;0;0;0;0;0;0;0;0;0;0;0;0;0;0;0;0;0;0;0;0;0;0;0;0;1;0;0;0;0;0;0;0;0;0;1;0;0;0;0;0;0;1;0;0;0;0
Antosiewicz et al. 2020;ANTOSIEWICZ_M_2020_PATHWAYS_FOR_THE_TRANSITI;0;0;0;0;0;0;0;0;0;0;0;0;0;0;0;0;0;0;0;0;0;0;0;0;0;0;0;0;0;0;0;0;0;0;0;0;0;0;0;1;0;0;0;0;0;0;0;0;0;0;0;0;0
Arning et al. 2020;ARNING_K_2020_RISK_BENEFIT_PERCEPTIONS;0;0;0;0;0;0;0;0;0;0;0;0;0;0;0;0;0;0;0;0;0;0;0;0;0;0;0;0;0;0;0;0;0;0;0;0;0;0;0;1;1;0;0;0;0;0;0;0;0;0;0;0;0
Bachner et al. 2020;BACHNER_G_2020_RISK_ASSESSMENT_OF_THE_LO;0;0;0;0;0;0;0;0;0;0;0;0;0;0;0;0;0;0;0;0;0;0;0;0;0;0;0;1;0;0;0;1;0;0;0;0;0;0;0;1;0;0;0;0;0;0;0;0;0;0;0;0;0
Bauknecht et al. 2020;BAUKNECHT_D_2020_CHALLENGES_FOR_ELECTRICIT;0;0;0;0;0;0;0;0;0;0;0;0;1;0;0;0;0;0;0;0;0;0;0;0;0;0;1;1;0;0;0;0;0;0;0;0;0;0;0;0;1;0;0;1;0;0;0;0;0;0;0;0;0
Bergek 2020;BERGEK_A_2020_DIFFUSION_INTERMEDIARIES;0;0;0;0;0;1;0;0;0;0;0;0;0;0;0;0;0;0;0;0;0;0;0;0;0;0;0;0;0;0;0;0;0;0;0;0;0;1;0;0;0;0;0;0;0;0;0;0;0;0;0;1;0
Berka et al. 2020;BERKA_AL_2020_EXPLAINING_INCLUSIVITY_IN;0;1;0;1;0;0;0;0;0;0;0;0;0;0;0;0;0;0;0;0;0;0;0;0;0;0;1;0;0;0;0;0;0;1;0;0;0;1;0;0;0;0;0;0;0;0;0;0;0;0;0;0;0
Bertheau et al. 2020;BERTHEAU_P_2020_CHALLENGES_FOR_IMPLEMENTI;0;1;0;0;0;0;0;0;0;0;0;0;0;0;0;0;0;0;1;0;0;0;0;0;0;0;1;0;0;0;0;0;0;0;0;0;0;0;1;0;0;0;0;0;0;0;0;0;0;0;0;0;0
Binz et al. 2020;BINZ_C_2020_GEOGRAPHIES_OF_TRANSITION;0;0;0;0;0;0;1;1;0;0;0;0;0;0;0;0;0;0;0;0;0;0;0;0;0;0;0;0;0;0;0;0;0;1;1;1;1;0;0;0;0;1;0;1;0;0;0;0;0;0;0;1;0
Bjørnåvold et al. 2020;BJRNVOLD_A_2020_ELICITING_POLICYMAKERS_PR;1;0;0;0;0;0;0;0;1;0;1;0;0;0;0;0;0;0;0;0;0;0;0;0;0;0;0;1;0;0;0;0;0;0;0;0;0;1;0;1;0;0;0;0;0;0;0;0;0;0;0;0;0
Boon et al. 2020;BOON_WPC_2020_MARKET_FORMATION_IN_THE_C;0;1;0;0;0;0;0;0;0;0;0;0;0;0;0;0;0;0;0;0;0;0;0;0;1;0;0;0;0;0;0;0;0;0;0;0;0;1;0;0;0;0;0;1;0;0;0;0;0;0;0;1;0
Brauers et al. 2020;BRAUERS_H_2020_COMPARING_COAL_PHASE_OUT;0;0;0;0;0;0;0;0;0;0;0;0;0;0;0;0;0;0;0;0;0;0;0;0;0;0;0;0;1;0;1;0;0;0;0;0;0;0;0;0;0;0;0;1;0;0;0;0;0;0;0;0;0
Brisbois 2020;BRISBOIS_MC_2020_SHIFTING_POLITICAL_POWER;0;0;0;0;0;0;0;0;0;0;0;0;0;0;0;0;0;0;0;0;0;0;0;0;0;0;1;0;1;0;0;0;0;1;0;0;0;0;0;0;0;0;0;0;1;0;0;0;0;0;0;0;0
Bush 2020;BUSH_J_2020_THE_ROLE_OF_LOCAL_GOVERNM;0;0;0;0;0;0;0;0;0;0;0;0;0;0;0;0;0;0;0;0;0;0;0;0;0;0;1;0;0;0;0;0;0;0;0;0;1;0;0;0;0;0;0;0;0;0;0;0;0;0;0;0;1
Chlebna & Mattes 2020;CHLEBNA_C_2020_THE_FRAGILITY_OF_REGIONAL;0;0;0;0;0;0;0;0;0;0;0;0;0;0;0;0;1;0;0;0;0;0;0;0;0;0;0;0;0;0;0;0;0;1;1;1;0;0;0;0;0;1;0;0;0;0;0;0;0;0;0;1;0
Collins 2020;COLLINS_B_2020_IT_S_NOT_TALKED_ABOUT_TH;0;1;0;0;0;0;0;0;0;0;0;0;0;0;0;0;0;0;0;0;1;0;0;0;0;0;1;0;0;0;0;0;0;0;0;0;0;0;0;0;1;0;0;0;0;1;0;1;0;0;0;0;0
De Oliveira et al. 2020;DE_OLIVEIRA_LGS_2020_A_MECHANISM_BASED_EXPLANA;0;0;0;0;0;0;0;0;0;0;0;0;0;0;1;0;0;0;0;0;0;0;0;0;0;0;0;1;0;0;0;0;0;0;0;0;0;0;0;0;1;0;0;0;0;0;0;0;0;0;0;1;0
Dignum et al. 2020;DIGNUM_M_2020_NURTURING_NATURE_EXPLORI;0;0;0;0;0;0;0;0;0;0;0;0;0;0;0;0;0;0;0;0;0;0;0;0;0;0;1;1;0;0;0;0;0;0;0;0;1;0;0;0;0;1;0;0;0;0;0;0;0;0;0;0;0
Edge et al. 2020;EDGE_S_2020_SHIFTING_GEARS_ON_SUSTAIN;0;1;0;0;0;0;0;0;0;0;0;0;0;0;0;0;0;0;0;0;0;0;0;0;1;0;0;0;0;0;0;0;0;0;0;0;0;0;0;0;0;0;0;1;0;0;0;1;0;0;0;0;0
Edmondson et al. 2020;EDMONDSON_DL_2020_ZERO_CARBON_HOMES_IN_THE;0;0;0;0;0;0;0;0;0;0;0;0;0;0;0;0;0;0;0;0;0;0;0;0;0;0;0;1;0;0;0;0;0;0;0;0;0;0;0;0;0;0;0;0;1;0;0;0;0;0;0;0;0
Fell 2020;FELL_MJ_2020_CAPTURING_THE_DISTRIBUTIO;0;0;0;0;0;0;0;0;0;0;0;0;0;0;0;0;0;0;1;0;0;0;0;0;0;0;0;0;1;0;0;0;0;0;0;0;1;0;0;0;0;0;0;0;1;0;0;0;0;0;0;0;0
Feola 2020;FEOLA_G_2020_CAPITALISM_IN_SUSTAINABIL;0;0;0;0;0;0;0;1;0;0;0;0;0;0;0;0;0;0;1;0;0;0;0;0;0;0;0;0;1;0;0;0;0;0;0;0;0;0;1;0;0;0;0;0;0;0;0;0;0;0;0;0;0
Franco-Torres et al. 2020;FRANCO_TORRES_M_2020_A_FRAMEWORK_TO_EXPLAIN_TH;0;0;0;0;0;0;1;0;0;0;0;0;0;0;0;0;0;1;0;0;0;0;0;0;0;0;0;0;0;0;0;0;0;0;0;0;0;0;1;0;0;0;0;0;0;0;0;0;0;1;0;0;0
Fraser et al. 2020;FRASER_T_2020_CLIMATE_CRISIS_AT_CITY_HA;0;0;0;0;0;0;0;0;0;0;0;0;0;0;0;0;0;0;0;0;0;0;0;0;0;0;0;1;0;0;0;0;0;0;0;0;0;0;0;0;0;0;0;0;1;0;0;0;0;0;0;0;0
Galeano Galvan et al. 2020;GALEANO_GALVAN_M_2020_EXPLORING_INCUMBENTS_AGEN;0;0;0;0;1;0;0;0;0;0;0;0;1;0;0;1;0;0;0;0;0;0;0;1;0;0;0;0;0;0;0;0;0;0;0;0;0;1;0;0;0;0;0;0;0;0;0;0;0;1;0;0;0
Gamache et al. 2020;GAMACHE_G_2020_CAN_LIVING_LABS_OFFER_A_P;0;1;0;1;0;0;0;0;0;0;0;0;0;0;0;0;0;0;0;0;1;0;0;0;0;0;1;0;0;0;0;0;0;1;0;0;0;0;0;0;0;0;0;0;0;0;0;0;1;0;0;0;0
Gomel & Rogge 2020;GOMEL_D_2020_MERE_DEPLOYMENT_OF_RENEWA;0;0;0;0;0;0;0;0;0;0;0;0;0;0;0;0;0;0;0;0;0;0;0;0;0;0;0;1;0;0;0;0;0;0;0;0;0;0;0;0;0;0;0;0;1;0;0;0;0;0;0;0;0
Gosens & Jotzo 2020;GOSENS_J_2020_CHINA_S_POST_COVID_19_STI;0;0;0;0;0;0;0;0;0;0;0;0;0;0;0;0;0;0;0;0;0;0;0;0;0;0;0;1;0;0;0;0;0;0;0;0;0;0;0;0;0;0;0;0;1;0;0;0;0;0;0;0;0
Gosens et al. 2020;GOSENS_J_2020_CHINA_S_ROLE_IN_THE_NEXT;0;0;0;0;0;0;0;0;0;0;0;0;0;0;0;0;0;0;0;0;0;0;0;0;0;0;1;0;0;0;0;0;0;0;0;1;0;0;0;0;0;1;0;0;0;0;0;0;0;0;0;1;0
Goyal & Howlett 2020;GOYAL_N_2020_WHO_LEARNS_WHAT_IN_SUSTAI;0;0;0;0;0;0;1;0;0;1;0;0;0;0;0;0;0;0;0;0;1;0;0;0;0;0;0;1;0;0;1;0;0;0;0;0;0;0;0;0;0;0;0;0;1;0;0;0;0;0;0;0;0
Grandin & Sareen 2020;GRANDIN_J_2020_WHAT_STICKS_EPHEMERALITY;0;0;0;1;0;0;0;0;0;0;0;0;0;0;0;0;0;0;1;0;0;0;0;0;0;0;1;0;0;0;0;0;0;1;0;0;0;0;0;0;0;1;0;1;0;0;0;0;0;0;0;0;0
Hafner et al. 2020;HAFNER_S_2020_CLOSING_THE_GREEN_FINANCE;0;0;0;0;0;0;0;0;0;0;1;0;0;0;0;0;0;0;0;0;0;0;0;0;0;0;0;0;0;0;0;0;0;0;0;0;0;1;0;0;0;0;0;0;0;0;0;0;0;0;0;0;0
Halbe et al. 2020;HALBE_J_2020_PARTICIPATORY_MODELING_FO;1;1;0;0;0;0;0;0;0;0;0;0;0;0;0;0;0;0;0;0;1;0;0;0;0;0;0;0;0;0;0;0;0;0;0;0;0;0;0;0;1;0;0;0;0;0;0;0;1;0;0;0;1
Hekkert M.P. et al. 2020;HEKKERT_MP_2020_MISSION_ORIENTED_INNOVATI;0;0;0;0;0;0;0;0;0;0;0;0;0;0;0;0;0;0;0;0;0;0;0;0;0;0;0;1;0;0;0;0;0;0;0;0;0;0;0;0;0;0;0;0;1;0;0;0;0;0;0;1;0
Hirt et al. 2020;HIRT_LF_2020_A_REVIEW_OF_LINKING_MODEL;0;0;0;0;0;0;0;0;0;0;0;0;0;0;0;0;0;0;0;0;0;0;0;0;0;0;0;0;0;0;0;1;0;0;0;0;0;0;0;0;1;0;0;1;0;0;0;0;0;0;0;0;0
Hoogstraaten et al. 2020;HOOGSTRAATEN_MJ_2020_THE_STUDY_OF_INSTITUTIONA;1;0;1;0;0;0;0;0;0;0;0;0;0;0;0;1;0;0;0;0;0;0;0;0;0;0;0;0;0;0;0;0;0;0;0;0;0;0;0;0;0;0;0;1;0;0;0;0;0;1;0;0;0
Hopkins et al. 2020;HOPKINS_D_2020_NOT_MORE_BUT_DIFFERENT_A;0;0;0;0;0;0;0;1;0;0;0;0;0;0;0;0;0;0;0;0;0;0;0;0;0;0;0;0;0;0;0;0;0;0;0;0;0;0;1;0;0;0;0;1;0;0;0;0;0;0;0;1;0
Hötte 2020;HTTE_K_2020_THE_ECONOMICS_OF_TRANSITI;0;0;0;0;0;0;0;0;1;0;0;0;0;0;0;0;0;0;0;0;0;0;0;0;0;0;0;1;0;0;0;0;0;0;0;0;0;0;0;1;0;0;0;1;0;0;0;0;0;0;0;0;0
Hurlbert et al. 2020;HURLBERT_M_2020_TRANSITIONING_FROM_COAL;1;0;0;0;0;0;1;0;0;0;0;0;0;0;0;0;0;0;0;0;0;0;0;0;0;0;0;0;0;0;0;0;0;0;0;0;0;0;0;0;1;0;0;1;0;0;0;0;0;0;0;0;0
Isaksson &, Hagbert 2020;ISAKSSON_K_2020_INSTITUTIONAL_CAPACITY_TO;1;0;0;0;0;0;0;0;0;0;0;0;0;0;0;0;0;0;0;0;0;0;0;0;0;0;0;0;1;0;0;0;0;1;0;0;0;0;0;0;0;1;0;0;0;0;0;0;0;1;0;0;0
Julsrud & Denstadli 2020;JULSRUD_TE_2020_MOVING_SMALL_CRAFTS_AND_S;0;0;1;0;0;0;0;0;0;0;0;0;0;0;0;0;0;0;0;0;0;0;0;0;0;0;0;0;0;1;0;0;0;0;0;0;0;0;1;0;0;0;0;0;0;0;0;0;0;0;0;0;0
Kanda et al. 2020;KANDA_W_2020_CONCEPTUALISING_THE_SYSTE;0;0;0;0;0;1;0;0;0;0;0;0;0;0;0;0;0;0;0;0;0;0;0;0;0;0;0;0;0;0;0;0;0;0;0;0;0;0;0;0;0;0;0;1;0;0;0;0;0;0;0;1;0
Kanger 2020;KANGER_L_2020_NEGLECTED_SYSTEMS_AND_THE;0;0;0;0;0;0;0;0;0;0;0;0;0;0;0;0;0;0;0;0;0;0;0;0;0;0;0;0;0;0;0;0;0;0;0;0;0;0;0;0;0;0;0;0;0;0;0;0;0;0;0;0;0
Kern et al. 2020;KERN_F_2020_GOVERNING_THE_SECOND_DEEP;0;0;0;0;0;0;0;0;0;0;0;0;0;0;0;0;0;0;0;0;0;0;0;0;0;0;0;1;0;0;0;0;0;0;0;0;0;0;0;0;0;0;0;1;1;0;0;0;0;0;1;0;0
Kester et al. 2020;KESTER_J_2020_BETWEEN_HOPE_HYPE_AND_H;0;0;0;0;0;0;0;0;0;0;0;0;0;1;0;0;0;0;0;0;0;0;0;0;0;0;0;0;0;0;0;0;0;0;0;0;0;0;1;0;0;0;0;0;0;0;0;0;0;0;0;0;0
Kitzing et al. 2020;KITZING_L_2020_AN_EVOLVING_RISK_PERSPECT;0;0;0;0;0;0;0;0;0;0;0;0;0;0;0;0;0;0;0;0;0;0;0;0;0;0;0;1;0;0;0;0;0;0;0;0;0;0;0;1;0;0;0;0;0;0;0;0;0;0;0;0;0
Kivimaa,  Bergek et al. 2020;KIVIMAA_P_2020_INTERMEDIARIES_IN_ACCELER;0;0;0;0;0;1;0;0;0;0;0;0;0;0;0;0;0;0;0;0;0;0;0;0;0;0;0;0;0;0;0;0;0;0;0;0;0;0;0;0;0;0;0;1;0;0;0;0;0;0;0;1;0
Kivimaa, Primmer et al. 2020;KIVIMAA_P_2020_INTERMEDIATING_POLICY_FOR;0;0;0;0;0;1;0;0;0;0;0;0;0;0;0;0;0;0;0;0;0;0;0;0;0;0;0;1;1;0;0;0;0;0;0;0;0;0;0;0;0;0;0;1;1;0;0;0;0;0;0;0;0
Kolk & Ciulli 2020;KOLK_A_2020_THE_POTENTIAL_OF_SUSTAINA;0;0;1;0;0;0;0;0;0;1;0;0;0;0;0;0;0;0;0;0;0;0;0;0;0;1;0;0;0;0;0;0;0;0;0;1;0;1;0;0;0;0;0;0;0;0;0;0;0;0;0;0;0
Koretsky & van Lente 2020;KORETSKY_Z_2020_TECHNOLOGY_PHASE_OUT_AS_U;0;0;0;0;0;0;0;0;0;0;0;0;0;0;0;0;0;1;0;0;0;0;0;0;0;0;0;0;0;1;0;0;0;0;0;0;0;0;1;0;0;0;0;0;0;0;0;0;0;0;0;0;0
Kuckertz et al. 2020;KUCKERTZ_A_2020_ENTREPRENEURSHIP_AND_THE;0;0;1;0;0;0;0;0;0;0;0;0;0;0;0;0;0;0;0;0;0;0;1;0;0;0;0;0;0;0;0;0;0;0;0;0;0;1;0;0;0;0;0;0;0;0;0;0;0;0;0;1;0
Lazarevic & Valve 2020;LAZAREVIC_D_2020_NICHE_POLITICS_BIOGAS_T;0;0;0;0;0;0;0;0;0;0;0;0;0;0;0;0;0;0;0;0;0;0;0;0;0;0;1;0;0;0;0;0;0;0;0;0;0;0;1;0;0;0;0;1;0;0;0;1;0;0;0;0;0
Leipprand et al. 2020;LEIPPRAND_A_2020_STARTING_LOW_REACHING_HI;0;0;0;0;0;0;0;0;0;0;0;0;0;0;0;0;0;0;0;0;0;0;0;0;0;0;0;1;0;0;0;0;0;0;0;0;0;0;0;0;0;0;0;0;1;0;0;0;0;0;0;0;0
Lenhart etal. 2020;LENHART_S_2020_MUNICIPAL_UTILITIES_AND_E;0;0;0;1;1;0;0;0;1;0;0;0;0;0;0;0;0;1;1;0;0;0;0;0;0;1;0;0;1;0;0;0;0;1;0;0;0;0;1;0;0;0;0;0;1;0;0;0;0;1;0;0;0
Lieu et al. 2020;;0;0;0;0;0;0;0;0;0;0;0;0;0;0;0;0;0;0;0;0;0;0;0;0;0;0;0;0;0;0;0;0;0;0;0;0;0;0;0;0;0;0;0;0;0;0;0;0;0;0;0;0;0
Lin & Sovacool 2020;LIN_X_2020_INTER_NICHE_COMPETITION_O;0;0;0;0;0;0;0;0;0;0;0;0;0;0;0;0;0;0;0;0;0;0;0;0;0;0;1;0;0;0;0;0;0;0;0;0;0;0;0;0;0;0;0;1;0;0;0;0;0;0;0;0;0
Loorbach et al. 2020;LOORBACH_D_2020_TRANSFORMATIVE_INNOVATION;0;0;0;0;0;0;0;0;0;0;0;0;0;0;0;0;0;0;0;0;1;0;0;0;0;0;1;0;0;0;0;0;0;0;0;0;0;0;0;0;0;0;0;0;0;0;0;0;0;0;0;0;1
Losacker & Liefner 2020;LOSACKER_S_2020_REGIONAL_LEAD_MARKETS_FOR;0;0;0;0;0;0;0;0;0;1;0;1;0;0;0;0;0;0;0;0;0;0;1;0;1;0;0;1;0;0;0;0;0;0;1;0;0;0;0;0;0;1;0;1;0;0;0;0;0;0;0;1;0
Lowes et al. 2020;LOWES_R_2020_HEATING_IN_GREAT_BRITAIN;0;0;0;0;1;0;0;0;0;0;0;0;0;0;0;0;0;0;0;0;0;0;0;0;0;0;0;0;1;0;1;0;0;0;0;0;0;0;0;0;0;0;0;0;1;0;0;0;0;0;0;0;0
Manders et al. 2020;;0;0;0;0;0;1;0;0;0;0;0;0;0;0;0;0;0;0;0;0;1;0;0;0;0;0;1;0;0;0;0;0;0;0;0;0;0;0;0;0;0;0;0;1;0;0;0;0;0;0;0;0;0
Matschoss et al. 2020;MATSCHOSS_K_2020_NETWORK_ANALYSIS_OF_ENERG;0;0;0;0;0;0;1;0;0;0;0;0;0;0;0;0;0;0;0;0;1;0;0;0;0;0;1;0;0;0;0;0;0;0;0;0;0;0;0;0;0;0;0;0;0;1;0;0;0;0;0;0;0
Mayer et al. 2020;MAYER_J_2020_QUALITATIVE_AND_QUANTITAT;0;0;0;0;0;0;0;0;0;0;0;0;0;0;0;0;0;0;0;0;0;0;0;0;0;0;0;0;0;0;0;0;0;0;0;0;0;0;0;1;0;0;0;0;0;0;0;0;0;0;0;0;0
Mignon & Ebers Broughel 2020;MIGNON_I_2020_WHAT_INTERESTS_DO_INTERME;0;0;0;0;0;1;1;0;0;1;0;0;0;0;0;0;0;0;0;0;0;0;0;1;0;0;0;0;0;0;0;0;0;0;0;0;0;1;0;0;0;0;0;0;0;0;0;0;0;0;0;0;0
Mousavi & Bossink 2020;MOUSAVI_S_2020_CORPORATE_NGO_PARTNERSHIP;0;0;0;1;1;0;1;0;0;0;0;0;0;0;0;0;0;0;0;0;1;0;1;0;0;0;0;0;0;0;0;0;0;0;0;0;0;1;0;0;0;0;0;1;0;0;0;0;0;0;0;1;0
Murto et al. 2020;MURTO_P_2020_CAPTURING_THE_MICRO_LEVEL;1;0;0;0;0;1;0;0;0;0;0;0;0;0;0;0;0;0;0;0;0;0;0;1;0;0;0;0;0;0;0;0;0;0;0;0;0;0;0;0;0;0;0;0;0;0;0;0;0;1;0;0;0
Naidoo 2020;NAIDOO_CP_2020_RELATING_FINANCIAL_SYSTEM;0;0;0;0;0;0;0;0;0;0;1;0;0;0;0;0;0;0;0;0;0;0;0;0;0;0;0;0;0;0;0;0;0;0;0;0;0;1;0;0;0;0;0;1;0;0;0;0;0;0;0;0;0
Newell 2020;;0;0;0;0;0;0;0;0;0;0;0;0;0;0;0;0;0;0;0;0;0;0;0;0;0;0;0;0;0;0;0;0;0;0;0;0;0;0;0;0;0;0;0;0;0;0;0;0;0;0;0;0;0
Nikas et al. 2020;NIKAS_A_2020_BARRIERS_TO_AND_CONSEQUEN;0;0;0;0;0;0;0;0;0;0;0;0;0;0;0;0;0;0;0;0;0;0;0;0;0;0;0;0;0;0;0;0;0;0;0;0;0;0;0;1;1;0;0;0;0;0;0;0;0;0;0;0;0
Osazuwa-Peters et al. 2020;OSAZUWA_PETERS_M_2020_SASKATCHEWAN_S_ENERGY_FUT;0;1;0;0;0;0;0;0;0;0;0;0;0;0;0;0;0;0;0;0;0;0;0;0;0;0;0;0;0;0;0;0;0;0;0;0;0;0;0;0;1;0;0;0;1;0;0;0;0;0;0;0;0
Ottosson et al. 2020;OTTOSSON_M_2020_SHAPING_SUSTAINABLE_MARKE;0;0;1;0;0;0;0;0;0;1;0;0;0;0;0;0;0;0;0;0;0;0;0;0;1;0;0;0;0;0;0;0;0;0;0;0;0;1;0;0;0;0;0;0;0;0;0;0;0;0;0;0;0
Petzer et al. 2020;PETZER_BJMBJM_2020_CYCLING_AS_A_SERVICE_ASSE;0;0;1;0;0;0;0;0;0;0;0;0;0;0;0;0;0;0;0;0;0;1;0;0;0;0;1;0;0;0;0;0;0;0;0;0;0;1;0;0;0;0;0;0;0;0;0;1;0;0;0;0;0
Ploll wt al. 2020;PLOLL_U_2020_A_SOCIAL_INNOVATION_PERSP;0;1;0;0;0;0;0;0;0;0;0;0;0;0;0;0;0;0;0;0;0;0;0;0;1;0;0;0;0;0;0;0;0;0;0;0;0;1;0;0;0;0;0;0;0;0;0;0;0;0;0;0;0
Price et al. 2020;PRICE_OM_2020_FINDING_CONVERGENCE_ECON;0;1;0;1;0;0;0;0;0;0;0;0;0;0;0;0;0;0;0;0;0;0;0;0;0;0;1;0;0;0;0;0;0;1;0;0;0;1;1;0;0;0;0;0;0;0;0;0;0;0;0;0;0
Rohe 2020;ROHE_S_2020_THE_REGIONAL_FACET_OF_A_G;0;0;0;0;0;0;1;0;0;1;0;0;0;0;0;0;1;1;0;0;0;0;1;0;0;0;0;0;0;0;0;0;0;0;1;1;0;0;0;0;0;1;0;0;0;0;0;0;0;0;0;1;0
Rosenbloom 2020;ROSENBLOOM_D_2020_ENGAGING_WITH_MULTI_SYSTE;0;0;0;0;0;0;0;0;0;0;0;0;0;0;0;0;0;0;0;0;0;0;0;0;0;0;0;0;0;0;0;0;0;0;0;0;0;0;0;0;0;0;0;1;0;0;0;0;0;0;1;1;0
Runhaar et al. 2020;RUNHAAR_H_2020_ENDOGENOUS_REGIME_CHANGE;0;0;0;0;0;0;0;0;0;0;0;0;0;0;0;0;0;1;0;0;0;0;0;0;0;0;0;0;0;0;0;0;1;0;0;0;0;0;0;0;0;0;0;0;0;0;0;0;0;1;0;0;0
Salonen 2020;SALONEN_H_2020_MODERNIZATION_OF_RUSSIAN;0;0;0;0;0;0;0;0;0;0;0;0;0;0;0;0;0;0;0;0;0;0;0;0;0;0;0;0;0;0;0;0;0;0;0;0;0;0;0;0;0;0;0;0;1;0;0;0;0;0;0;0;0
Scherrer et al. 2020;SCHERRER_A_2020_POWER_FROM_ABOVE_ASSESSI;1;0;0;0;0;0;0;0;0;0;0;0;0;0;0;0;0;0;0;0;0;0;0;0;0;0;0;0;1;0;0;0;0;0;0;0;0;0;0;0;0;0;0;1;0;0;0;0;0;0;0;1;0
Schippl & Truffer 2020;SCHIPPL_J_2020_DIRECTIONALITY_OF_TRANSIT;0;1;0;0;0;0;0;0;0;0;0;0;0;0;0;0;1;0;0;0;0;0;0;0;0;0;0;0;0;0;0;0;1;1;1;0;1;0;0;0;0;1;0;0;0;0;0;0;0;1;0;1;0
Schneider et al. 2020;SCHNEIDER_C_2020_RISKS_AND_OPPORTUNITIES_A;0;0;0;0;0;0;0;0;0;0;0;0;0;0;0;0;0;0;0;0;0;0;0;0;0;0;0;1;0;0;0;0;0;0;0;0;0;0;0;0;1;0;0;0;0;0;0;0;0;0;0;0;0
Scholz & Methner 2020;SCHOLZ_G_2020_A_SOCIAL_LEARNING_AND_TRA;0;0;0;0;0;0;0;0;0;0;0;0;0;0;0;0;0;0;1;0;1;0;0;0;0;0;0;0;1;0;0;0;0;0;0;0;0;0;0;0;0;0;0;0;0;0;0;0;0;0;0;0;1
Schwabe 2020;SCHWABE_J_2020_THE_EVOLUTION_OF_COOPERAT;0;0;0;1;0;0;0;0;0;0;0;0;0;0;0;0;0;0;0;0;0;0;0;0;0;0;1;0;0;0;0;0;0;1;0;1;0;0;0;0;0;1;0;1;0;0;0;0;0;0;0;0;0
Sharma et al. 2020;SHARMA_T_2020_A_NEW_HYBRID_APPROACH_FOR;1;0;0;0;0;0;0;0;1;0;0;0;0;0;0;0;0;0;0;0;0;0;0;0;0;1;0;0;0;0;0;0;0;0;0;0;0;0;0;1;1;0;0;0;0;0;0;0;0;0;0;0;0
Silaen et al. 2020;SILAEN_M_2020_LESSONS_FROM_BALI_FOR_SMA;0;0;0;0;0;0;0;0;0;0;0;0;0;0;0;0;0;0;0;0;0;0;0;0;0;0;0;0;0;0;1;0;0;0;0;0;0;0;0;1;0;0;0;0;0;0;0;0;0;0;0;0;0
Sillak & Kanger 2020;SILLAK_S_2020_GLOBAL_PRESSURES_VS_LOCA;0;0;0;0;0;0;0;0;0;0;0;0;0;0;0;0;0;0;0;0;0;0;0;0;0;0;0;0;1;0;0;0;0;0;0;1;0;0;0;0;0;0;0;1;1;0;0;0;0;0;0;0;0
Skjølsvold & Ryghaug 2020;SKJLSVOLD_TM_2020_TEMPORAL_ECHOES_AND_CROSS;0;0;0;0;0;0;0;0;0;0;0;0;0;1;0;0;0;0;0;0;0;0;0;0;1;0;1;0;0;0;0;0;0;1;0;1;0;0;0;0;0;1;0;0;0;0;0;0;0;0;0;0;0
Skoczkowski et al. 2020;SKOCZKOWSKI_T_2020_CLIMATE_CHANGE_INDUCED_UN;1;0;0;0;0;0;0;0;0;0;0;0;0;0;0;0;0;0;1;0;0;0;0;0;0;0;0;0;0;0;0;0;0;0;0;0;0;0;0;0;1;0;0;0;0;0;0;0;0;0;0;0;0
Spijker et al. 2020;SPIJKER_E_2020_EVALUATING_INTEGRATED_IMP;0;0;0;0;0;0;0;0;1;0;0;0;0;0;0;0;0;0;0;0;0;0;0;0;0;0;0;0;0;0;0;0;0;0;0;0;0;0;0;1;0;0;0;0;0;0;0;0;0;0;0;0;0
Stalmokait? & Hassler 2020;STALMOKAIT_I_2020_DYNAMIC_CAPABILITIES_AND;0;0;0;0;1;0;0;0;0;0;0;0;0;0;0;0;0;0;0;0;0;0;1;0;0;1;0;0;0;0;0;0;0;0;0;0;0;1;0;0;0;0;0;0;0;0;0;0;0;0;0;0;0
Stiles 2020;STILES_J_2020_STRATEGIC_NICHE_MANAGEMEN;0;0;0;0;0;0;0;0;0;0;0;0;0;0;0;0;0;0;0;0;0;0;0;0;0;0;1;0;0;0;0;0;0;0;0;0;0;0;0;0;0;1;0;0;0;0;0;1;0;0;0;0;0
Suitner & Ecker 2020;SUITNER_J_2020_MAKING_ENERGY_TRANSITION;1;0;0;0;0;0;0;0;0;0;0;0;0;0;0;0;0;0;0;0;0;0;0;0;0;0;0;0;1;0;0;0;0;0;1;0;0;1;1;0;0;0;0;0;0;0;0;0;0;1;0;0;0
Taylor et al. 2020;TAYLOR_R_2020_MODELLING_STAKEHOLDER_AGE;1;0;0;0;0;0;1;0;0;0;0;0;0;0;0;0;0;0;0;0;0;0;0;0;0;0;0;0;0;0;0;0;0;0;1;0;0;0;0;0;1;0;0;0;0;0;0;0;0;0;0;0;0
Turnheim & Sovacool 2020;TURNHEIM_B_2020_EXPLORING_THE_ROLE_OF_FAI;0;0;0;0;1;0;0;0;0;0;0;0;0;0;0;0;0;0;0;0;0;0;0;0;0;0;0;1;0;0;0;0;0;0;0;0;0;1;0;0;0;0;0;0;1;0;0;0;0;0;0;1;0
Turnheim et al. 2020;TURNHEIM_B_2020_MAKING_SUSTAINABILITY_TRA;0;0;0;0;0;0;0;0;0;0;0;0;0;0;0;0;0;0;0;0;0;0;0;0;0;0;0;1;0;0;0;0;0;0;0;0;0;0;0;0;0;0;0;1;0;0;0;0;0;0;0;0;0
Tziva et al. 2020;TZIVA_M_2020_UNDERSTANDING_THE_PROTEIN;0;1;0;0;0;0;0;0;0;0;0;0;0;0;0;0;0;0;0;0;0;0;0;0;0;0;0;0;0;0;0;0;0;0;0;0;0;0;0;0;0;0;0;0;0;1;0;0;0;0;0;1;0
Upham et al. 2020;UPHAM_P_2020_THINKING_ABOUT_INDIVIDUAL;1;0;0;0;0;0;0;0;0;0;0;0;0;0;0;0;0;0;0;0;0;0;0;0;0;0;0;0;0;0;0;0;0;0;0;0;0;0;0;0;0;0;0;0;0;1;0;0;0;0;0;0;0
Valor 2020;VALOR_C_2020_ANTICIPATED_EMOTIONS_AND;0;1;0;0;0;0;0;0;0;0;0;0;0;0;0;0;0;0;0;0;0;0;0;0;0;0;0;0;0;0;0;0;0;0;0;0;0;1;0;0;0;0;0;0;0;1;0;0;0;0;0;0;0
Van Boxstael et al. 2020;VAN_BOXSTAEL_A_2020_INTERMEDIATING_THE_ENERGY;0;0;0;0;0;1;0;0;0;0;0;0;0;0;0;0;0;0;0;0;0;0;0;0;0;0;1;0;0;0;0;0;1;1;1;1;0;0;0;0;0;1;0;1;0;0;0;0;0;0;0;0;0
van den Berge et al. 2020;VAN_DEN_BERGE_M_2020_DO_EXISTING_REGIONAL_SPEC;0;0;0;0;1;0;0;0;0;0;0;0;0;0;0;0;0;0;0;0;0;0;0;0;0;0;0;0;0;0;0;0;1;0;1;0;0;0;0;0;0;1;0;0;0;0;0;0;0;0;0;0;0
van der Jagt et al. 2020;VAN_DER_JAGT_APN_2020_NATURE_BASED_INNOVATION_S;0;0;0;0;0;0;0;0;0;0;0;0;0;0;0;0;0;0;0;0;0;0;0;0;0;0;0;0;0;0;0;1;0;0;0;0;1;0;0;0;0;1;0;0;0;0;0;0;0;0;0;1;0
van der Loos et al. 2020;VAN_DER_LOOS_HZA_2020_INTERNATIONAL_MARKETS_AND;0;0;0;0;1;0;1;0;0;0;0;0;0;0;0;0;0;0;0;0;0;0;0;0;1;0;0;0;0;0;0;0;0;0;0;1;0;0;0;0;0;0;0;0;0;0;0;0;0;0;0;1;0
van Doren et al. 2020;VAN_DOREN_D_2020_INSTITUTIONAL_WORK_IN_DIV;0;0;0;0;0;0;0;0;0;0;0;0;0;0;0;1;0;0;0;0;0;0;0;0;0;0;1;0;0;0;0;0;0;0;0;0;0;0;0;0;0;0;0;1;0;0;0;0;0;1;0;0;0
van Lente et al. 2020;VAN_LENTE_H_2020_POSITIONING_OF_SYSTEMIC_I;0;0;0;0;0;1;0;0;0;0;0;0;0;0;0;1;0;0;0;0;0;0;0;0;0;0;0;0;0;0;0;0;0;0;0;0;0;0;1;0;0;0;0;1;0;0;0;0;0;0;0;1;0
van Mierlo & Beers 2020;VAN_MIERLO_B_2020_UNDERSTANDING_AND_GOVERNI;0;0;0;0;0;0;0;0;0;0;0;0;0;0;0;0;0;0;0;0;1;0;0;0;0;0;0;0;0;0;0;0;0;0;0;0;0;1;0;0;0;0;0;0;0;1;0;0;0;1;0;0;0
van Mierlo et al. 2020;VAN_POECK_K_2020_OPENING_UP_THE_BLACK_BOX;0;0;0;0;0;0;0;0;0;0;0;0;0;0;0;0;0;0;0;0;0;0;0;0;0;0;0;0;0;0;0;0;0;0;0;0;0;0;0;0;0;0;0;0;0;0;0;0;0;0;0;0;0
Van Poeck et al. 2020;;0;0;0;0;0;0;0;0;0;0;0;0;0;0;0;0;0;0;0;0;1;0;0;0;0;0;0;0;0;0;0;0;0;0;0;0;0;0;0;0;0;0;0;0;0;0;0;0;0;1;0;0;0
van Rijnsoever & Leendertse 2020;VAN_RIJNSOEVER_FJ_2020_A_PRACTICAL_TOOL_FOR_ANAL;0;0;0;0;0;0;0;0;0;1;0;0;0;0;0;0;0;0;0;0;0;1;0;0;0;0;0;0;0;0;0;0;0;0;0;0;0;1;0;0;0;0;0;1;0;0;0;0;0;0;0;0;0
van Vliet et al. 2020;VAN_VLIET_O_2020_THE_IMPORTANCE_OF_STAKEHO;0;0;0;0;0;0;0;0;1;0;0;0;0;0;0;0;0;0;0;0;0;0;0;0;0;1;0;0;0;0;0;0;0;0;0;0;0;0;0;0;1;0;0;0;0;0;0;0;0;0;0;0;0
van Waes et al. 2020;VAN_WAES_A_2020_WHY_DO_COMPANIES_INSTITUT;0;0;1;0;0;0;0;0;1;0;0;0;0;0;0;0;0;1;0;0;0;1;0;0;0;0;1;0;0;0;0;0;0;0;0;0;1;1;0;0;0;0;0;0;0;0;0;0;0;1;0;0;0
Vermunt et al. 2020;VERMUNT_DA_2020_SUSTAINABILITY_TRANSITION;0;0;0;0;1;0;0;0;0;0;0;0;0;0;0;0;0;0;0;0;0;0;0;0;0;0;0;0;0;0;0;1;0;0;0;0;0;0;0;0;0;0;0;1;0;0;0;0;1;0;0;1;0
Vihemäki et al. 2020;VIHEMKI_H_2020_INTERMEDIARIES_TO_ACCELER;0;0;0;0;0;1;0;0;0;0;0;0;0;0;0;1;0;0;0;0;0;0;0;0;0;0;1;1;1;0;0;0;0;0;0;0;0;0;0;0;0;0;0;1;0;0;0;0;0;0;0;0;0
Vinke-de Kruijf et al. 2020;VINKE_DE_KRUIJF_J_2020_WIDER_LEARNING_OUTCOMES_O;1;0;0;0;0;0;1;0;0;0;0;0;0;0;0;0;0;0;0;0;1;0;0;0;0;0;0;0;0;0;0;0;0;0;0;0;0;0;0;0;1;0;0;0;0;0;0;0;0;0;0;0;0
Wanitschke & Hoffmann 2020;WANITSCHKE_A_2020_ARE_BATTERY_ELECTRIC_VEHI;0;0;0;0;0;0;0;0;0;0;0;0;0;0;0;0;0;0;0;0;0;0;0;0;0;0;0;0;0;0;0;0;0;0;0;0;0;0;0;0;1;0;0;0;0;0;0;0;0;0;0;0;0
Weng et al. 2020;WENG_W_2020_LANDSCAPE_MATTERS_INSIGH;0;0;0;0;0;0;0;0;0;0;0;0;0;0;0;0;0;0;0;1;0;0;0;0;0;0;1;0;0;0;0;1;1;0;0;0;0;0;0;0;0;0;0;1;0;0;0;0;0;0;0;0;0
Westskog et al. 2020;WESTSKOG_H_2020_SHARING_AMONG_NEIGHBOURS;0;1;0;1;0;0;0;0;0;0;0;0;0;0;0;0;0;0;0;0;0;0;0;0;0;0;1;0;0;1;0;0;0;1;0;0;0;0;0;0;0;0;0;0;0;0;0;0;0;1;0;0;0
Wilkinson et al. 2020;WILKINSON_S_2020_HISTORICAL_TRANSITIONS_OF;0;0;0;0;0;0;0;0;0;0;0;0;0;0;0;0;0;0;0;0;0;0;0;0;0;0;1;0;0;0;0;0;1;0;0;0;0;0;0;0;0;0;0;1;0;0;0;0;0;0;0;0;0
Williams & Doyon 2020;WILLIAMS_S_2020_THE_ENERGY_FUTURES_LAB_A;0;0;0;0;0;0;0;0;0;0;0;0;0;0;0;0;0;0;1;0;0;0;0;0;0;0;0;0;1;0;0;0;0;0;0;0;0;0;0;0;0;0;0;0;1;0;0;0;0;1;0;0;0
Yang et al. 2020;YANG_K_2020_EXPECTATION_DYNAMICS_AND;0;0;0;1;1;0;0;0;0;0;0;0;0;0;0;0;0;0;0;0;0;0;0;0;0;0;1;0;0;0;0;0;1;0;0;0;0;0;0;0;0;0;0;1;0;0;0;0;0;0;0;0;0
Young & Brans 2020;YOUNG_J_2020_FOSTERING_A_LOCAL_ENERGY;1;0;0;0;0;0;0;0;0;0;0;0;0;0;0;0;0;0;0;0;0;0;0;0;0;0;0;1;0;0;0;0;0;0;0;0;0;0;0;0;0;0;0;0;1;0;0;0;0;0;0;0;0
Yuana et al. 2020;YUANA_SL_2020_A_DRAMATURGY_OF_CRITICAL;0;0;0;0;0;0;0;0;0;0;0;0;0;0;0;0;0;1;0;0;0;0;0;0;0;0;0;0;1;0;1;0;0;0;0;0;0;0;0;0;0;0;0;1;0;0;0;0;0;0;0;1;0
Zhang 2020;ZHANG_F_2020_LEADERS_AND_FOLLOWERS_IN;0;0;0;0;1;0;0;0;0;0;1;0;0;0;0;0;0;0;0;0;0;0;0;0;0;0;0;1;0;0;0;0;0;0;0;0;0;1;0;0;0;0;0;0;0;0;0;0;0;0;0;0;0
Alomari & Heffron 2021;ALOMARI_MA_2021_UTILISING_LAW_IN_THE_TRAN;0;0;0;0;0;0;0;0;0;0;0;0;0;0;0;0;1;0;0;0;0;0;0;0;0;0;0;1;0;0;0;0;0;0;0;0;0;0;0;0;0;0;1;0;0;0;0;0;0;0;0;0;0
Ampe et al.  2021;AMPE_K_2021_INCUMBENTS_ENABLING_ROLE;0;0;0;0;1;0;0;0;0;0;0;0;1;0;0;0;0;0;0;0;0;0;0;0;0;0;0;0;1;0;0;0;1;0;0;0;0;0;0;0;0;0;0;1;1;0;0;0;0;0;0;0;0
Andersson et al. 2021;ANDERSSON_J_2021_THE_OUTCOMES_OF_DIRECTION;0;0;0;0;0;0;0;0;0;0;0;0;0;0;0;0;0;1;0;0;0;0;0;0;0;0;0;0;0;0;0;0;0;0;0;0;0;0;0;0;0;0;0;0;0;0;0;0;0;0;0;1;0
Boons et al. 2021;BOONS_F_2021_DISRUPTING_TRANSITIONS_Q;0;0;0;0;0;0;0;0;0;0;0;0;0;0;0;0;0;0;0;0;0;0;0;0;0;0;0;0;0;0;0;0;0;0;0;0;0;0;0;0;1;0;0;0;0;0;0;0;0;0;0;0;0
Braamset al. 2021;BRAAMS_RB_2021_LEGITIMIZING_TRANSFORMATI;1;0;0;0;0;0;0;0;0;0;0;0;0;0;0;0;0;1;0;0;0;0;0;0;0;0;0;1;0;0;0;0;0;0;0;0;0;0;0;0;0;0;0;0;0;0;1;0;0;0;0;0;0
Brugger & Henry 2021;BRUGGER_H_2021_INFLUENCE_OF_POLICY_DISCO;0;0;0;0;0;0;0;0;0;0;0;0;0;0;0;0;0;0;0;0;0;0;0;0;0;0;0;0;0;0;1;0;0;1;1;0;0;0;0;0;0;0;0;0;1;0;0;0;0;0;0;0;0
Cox et al. 2021;COX_S_2021_COORDINATION_AND_LEGITIMA;0;0;0;0;0;0;0;0;0;0;0;0;0;0;0;0;0;0;0;0;0;0;0;0;0;0;0;0;0;0;0;0;0;0;0;0;0;0;0;0;0;0;0;0;0;0;0;0;0;0;0;1;0
de Haan et al. 2021;DE_HAAN_F_2021_MARKET_FORMATION_IN_A_GLO;0;0;0;0;0;0;0;0;0;0;0;0;0;0;0;0;0;0;0;0;0;0;0;0;0;0;0;0;0;0;0;0;0;0;1;1;0;0;0;0;0;0;0;0;0;0;0;0;0;0;0;1;0
Fichter & Clausen 2021;FICHTER_K_2021_DIFFUSION_OF_ENVIRONMENTA;0;0;0;0;0;0;0;0;0;0;0;0;0;0;0;0;0;0;0;0;0;0;0;0;0;0;0;0;0;0;0;0;0;0;0;0;0;1;0;0;0;0;0;0;0;0;0;0;0;0;0;0;0
Fischer et al. 2021;FISCHER_K_2021_NO_LEGITIMACY_A_STUDY_OF;0;0;0;0;0;0;0;0;0;0;0;0;0;0;0;0;0;0;1;0;0;0;0;0;0;0;1;0;0;1;0;0;0;0;0;0;0;0;1;0;0;0;0;0;0;0;0;1;0;0;0;0;0
Fjellså et al. 2021;FJELLS_IF_2021_JUSTICE_ASPECTS_OF_FLEXIB;0;1;0;0;0;0;0;0;0;0;0;0;0;0;0;0;0;0;1;0;0;0;1;0;0;0;0;0;0;0;0;0;0;0;0;0;0;0;1;0;0;0;0;0;0;0;0;0;0;0;0;0;0
Guerin 2021;GUERIN_TF_2021_POLICIES_TO_MINIMISE_ENVI;0;0;0;0;0;0;0;0;0;0;0;0;0;0;0;0;0;0;0;0;0;0;0;0;0;0;0;0;0;0;0;0;0;0;0;0;0;0;0;0;1;0;0;0;0;0;0;0;0;0;0;0;0
Hansmeier et al. 2021;HANSMEIER_H_2021_TOWARDS_METHODOLOGICAL_DI;0;0;0;0;0;0;0;0;0;0;0;0;0;0;0;0;0;0;0;0;0;0;0;0;0;0;0;0;0;0;0;0;0;0;0;0;0;0;0;0;0;0;0;0;0;0;0;0;0;0;0;0;0
Henry M., Schraven et al. 2021;HENRY_M_2021_THE_BATTLE_OF_THE_BUZZWOR;0;0;0;0;0;0;0;0;0;0;0;0;0;0;0;0;0;0;0;0;0;0;0;0;0;0;0;0;0;0;0;1;0;0;0;0;0;1;0;0;0;0;0;0;1;0;0;0;0;0;0;0;0
Heyen et al. 2021;HEYEN_DA_2021_SPILLOVERS_BETWEEN_POLICY;0;0;0;0;0;0;0;0;0;0;0;0;0;0;0;0;0;0;0;0;0;0;0;0;0;0;0;1;0;0;0;0;0;0;0;1;0;0;0;0;0;0;0;0;1;0;0;0;0;0;0;0;0
Kivimaa et al. 2021;KIVIMAA_P_2021_MOVING_BEYOND_DISRUPTIVE;0;0;0;0;0;0;0;0;0;0;0;0;0;0;0;0;0;0;0;0;0;0;0;0;0;0;0;0;0;0;0;0;0;0;0;0;0;0;0;0;0;0;0;0;0;0;0;0;0;0;0;0;0
Kungl & Hess 2021;KUNGL_G_2021_SUSTAINABILITY_TRANSITION;1;0;0;0;0;0;0;0;0;0;0;0;0;0;0;0;0;1;0;0;0;0;0;0;0;0;0;0;0;0;0;0;0;0;0;0;0;0;0;0;0;0;0;0;0;0;0;0;0;1;0;0;0
Lantz et al. 2021;LANTZ_TL_2021_UNDERSTANDING_THE_CORRELA;0;0;0;0;0;0;0;0;0;0;0;0;0;0;0;0;0;0;0;0;0;0;0;0;0;0;0;0;0;0;0;0;0;0;1;0;1;0;0;1;0;0;0;0;0;0;0;0;0;0;0;0;0
Mah et al. 2021;MAH_DNY_2021_TRUST_GAPS_IN_ENERGY_TRAN;0;1;0;0;0;0;0;0;0;0;0;0;0;0;0;0;0;0;0;0;0;0;0;0;0;0;0;1;0;0;1;0;0;0;0;0;0;0;0;0;0;1;0;0;1;0;0;0;0;0;0;0;0
Martiskainen et al. 2021;MARTISKAINEN_M_2021_USER_INNOVATION_NICHE_CO;0;1;0;0;0;0;0;0;0;0;0;0;0;0;0;0;0;0;0;0;0;0;0;0;0;0;1;0;0;0;0;0;1;0;0;0;0;0;0;0;0;0;0;1;0;0;0;0;0;0;0;0;0
Mori 2021;MORI_A_2021_HOW_DO_INCUMBENT_COMPANIE;0;0;0;0;1;0;0;0;0;0;0;0;0;0;1;0;0;0;0;0;0;0;0;0;0;1;0;0;1;0;0;0;1;0;0;0;0;1;0;0;0;0;0;1;0;0;0;0;0;0;0;0;0
Müller & Morton 2021;MLLER_DK_2021_THE_SPACE_THE_TIME_AND;0;0;0;0;0;0;0;0;0;0;1;0;0;0;0;0;0;0;0;0;0;0;0;0;0;0;0;0;0;0;0;0;0;0;1;0;0;0;0;0;0;1;0;0;0;0;0;0;0;0;0;0;0
Novalia et al. 2021;;0;0;0;0;0;0;0;0;0;0;0;0;0;0;0;0;0;0;0;0;0;0;0;0;0;0;0;0;0;0;0;0;0;0;0;0;0;0;0;0;0;0;0;0;0;0;0;0;0;0;0;0;0
Pichler et al. 2021;PICHLER_M_2021_EU_INDUSTRIAL_POLICY_BET;0;0;0;0;0;0;0;0;0;0;0;0;0;0;0;0;0;0;0;0;0;0;0;0;0;0;0;1;0;0;0;0;0;0;0;1;0;0;0;0;0;0;0;0;1;0;0;0;1;0;0;0;0
Pouri & Hilty 2021;POURI_MJ_2021_THE_DIGITAL_SHARING_ECONO;0;0;0;0;0;0;0;0;0;0;0;0;0;0;0;0;0;0;0;0;0;0;0;0;0;0;0;0;0;0;0;0;0;0;0;0;0;0;0;0;1;0;0;0;0;0;0;0;0;0;0;0;0
Raven et al. 2021;RAVEN_R_2021_HOUSEHOLDS_IN_SUSTAINABIL;0;1;0;0;0;0;0;0;0;0;0;0;0;0;0;0;0;0;0;0;0;0;0;0;0;0;0;0;0;0;0;0;0;0;0;0;0;0;0;0;0;1;0;1;0;0;0;0;0;0;0;0;0
Ruggiero et al. 2021;RUGGIERO_S_2021_BUSINESS_MODEL_INNOVATION;0;0;0;0;0;0;0;0;0;0;0;0;0;0;0;0;0;0;0;0;0;1;0;0;0;0;1;0;0;0;0;0;1;0;0;0;0;1;0;0;0;0;0;0;0;0;0;0;0;0;0;0;0
Sarasini & Langeland 2021;SARASINI_S_2021_BUSINESS_MODEL_INNOVATION;0;1;0;0;0;0;0;0;0;0;0;0;0;0;0;0;0;0;0;0;0;1;0;0;1;0;0;0;0;1;0;0;0;0;0;0;0;1;0;0;0;0;0;0;0;0;0;0;0;0;0;0;0
Schmid 2021;;0;0;0;0;0;0;0;0;0;0;0;0;0;0;0;0;0;0;0;0;0;0;0;0;0;0;0;0;0;0;0;0;0;0;0;0;0;0;0;0;0;0;0;0;0;0;0;0;0;0;0;0;0
Susur & Karakaya 2021;SUSUR_E_2021_A_REFLEXIVE_PERSPECTIVE_F;0;0;0;0;0;0;0;0;0;0;0;0;0;0;0;0;0;0;1;0;0;0;0;0;0;0;0;0;0;0;0;1;0;0;0;0;0;0;0;1;0;0;0;1;0;0;0;0;0;0;0;1;0
Tourais & Videira 2021;TOURAIS_P_2021_A_PARTICIPATORY_SYSTEMS_M;1;0;0;0;0;0;0;0;0;0;0;0;0;0;0;0;0;0;0;0;0;0;0;0;0;0;0;0;0;0;0;0;0;0;0;0;0;0;0;0;1;0;0;1;0;0;0;0;0;0;0;0;0
Ulmanen & Bergek 2021;ULMANEN_J_2021_INFLUENCES_OF_TECHNOLOGIC;0;0;0;0;0;0;1;0;0;0;0;0;0;0;0;0;1;0;0;0;0;0;0;0;0;0;0;0;0;0;0;0;0;0;1;1;0;0;0;0;0;0;0;0;0;0;0;0;0;0;0;1;0
Van Poeck & Östman 2021;VAN_POECK_K_2021_LEARNING_TO_FIND_A_WAY_OU;0;0;0;0;0;0;0;0;0;0;0;0;0;0;0;0;0;0;0;0;1;0;0;0;0;0;0;0;0;0;0;0;0;0;0;0;0;0;1;0;0;0;0;1;0;0;0;0;0;0;0;0;0
Vasquez-Delsolar & Merino 2021;VASQUEZ_DELSOLAR_M_2021_SOCIAL_ENTERPRISES_TOWARD;0;0;0;0;0;0;0;1;0;0;0;0;0;0;0;0;0;0;0;0;0;0;0;0;0;0;0;0;1;0;0;0;0;0;0;0;0;0;1;0;0;0;0;1;0;0;0;0;0;0;0;0;0
Vrain & Wilson 2021;VRAIN_E_2021_SOCIAL_NETWORKS_AND_COMMU;0;1;0;0;0;0;0;0;0;0;0;0;0;0;0;0;0;0;0;0;0;0;0;0;0;0;0;0;0;0;0;0;0;0;0;0;0;0;0;1;1;0;0;0;0;0;0;0;0;0;0;0;0
Watson 2021;WATSON_A_2021_DESIGNING_LOW_CARBON_INNO;1;0;0;0;0;1;0;0;0;1;0;0;0;0;0;0;0;0;0;0;0;0;0;1;0;0;0;0;0;0;0;0;0;0;0;0;0;0;0;0;0;0;0;0;1;0;0;0;0;0;0;0;0