XX,consumers_users,niche,policies,politics_power,sociotech_regime,business_admin,critical_perspectives,economics,engineering_modelling,geography,mlp,political_sciences,sociology,tis
ALKEMADE_F_2011_TRANSITION_POLICY_AND_INN,0,0,0,0,0,0,0,0,0,0,0,0,0,1
BARBIER_EB_2011_TRANSACTION_COSTS_AND_THE,0,0,0,0,0,0,0,1,0,0,0,0,0,0
FISCHER_KOWALSKI_M_2011_ANALYZING_SUSTAINABILITY,0,0,0,0,0,0,0,0,0,0,0,0,0,0
GEELS_FW_2011_THE_MULTI_LEVEL_PERSPECTI,1,1,0,1,1,0,0,0,0,0,1,0,0,0
GRIN_J_2011_ON_PATTERNS_AND_AGENCY_IN,0,0,0,1,0,0,0,0,1,0,0,0,0,0
GUY_S_2011_DESIGNING_FLUID_FUTURES,0,0,0,0,0,0,1,0,0,0,0,0,0,0
HOLTZ_G_2011_MODELLING_TRANSITIONS_AN,0,0,0,0,0,0,0,0,1,0,0,0,0,0
JACKSON_T_2011_PRODUCTIVITY_AND_WORK_IN,0,0,0,0,0,0,1,0,0,0,0,0,0,0
JACOBSSON_S_2011_INNOVATION_SYSTEM_ANALYSE,0,0,0,0,0,0,0,0,0,0,0,0,0,1
JERNECK_A_2011_BREAKING_OUT_OF_SUSTAINAB,0,0,0,1,0,0,0,0,0,0,0,0,1,0
JUPESTA_J_2011_MANAGING_THE_TRANSITION_T,0,0,1,0,0,0,0,1,0,0,0,0,0,0
LUTHEA_T_2011_EFFECTS_OF_THIRD_PARTY_IN,1,0,0,0,0,0,0,1,0,0,0,0,0,0
MEADOWCROFT_J_2011_ENGAGING_WITH_THE_POLITIC,0,0,0,1,0,0,0,0,0,0,0,1,0,0
RIETVELD_P_2011_TELEWORK_AND_THE_TRANSITI,1,0,0,0,0,0,0,1,0,0,0,0,0,0
ROSE_A_2011_RESILIENCE_AND_SUSTAINABI,0,0,0,0,0,0,0,0,0,0,0,0,0,0
RUTH_M_2011_SUSTAINABLE_PROSPERITY_AN,0,0,0,0,0,0,0,0,0,0,0,0,0,0
STIRLING_A_2011_PLURALISING_PROGRESS_FRO,0,0,0,0,0,0,1,0,0,0,0,0,0,0
TAINTER_JA_2011_ENERGY_COMPLEXITY_AND_S,0,0,0,0,0,0,0,0,0,0,0,0,0,0
VAN_DEN_BERGH_JCJM_2011_ENVIRONMENTAL_INNOVATION,1,1,0,0,1,0,0,0,0,0,1,0,0,1
VAN_DER_PLOEG_F_2011_MACROECONOMICS_OF_SUSTAIN,0,0,1,0,0,0,0,1,0,0,0,0,0,0
WITT_U_2011_THE_DYNAMICS_OF_CONSUMER,1,0,0,0,0,0,0,1,0,0,0,0,0,0
ASHFORD_NA_2012_THE_CRISIS_IN_EMPLOYMENT,0,0,0,0,0,0,0,1,0,0,0,0,0,0
BROTO_VC_2012_SOCIAL_HOUSING_AND_LOW_CA,0,1,0,0,0,0,1,0,0,1,0,0,0,0
DAIM_TU_2012_EVALUATION_OF_ENERGY_STOR,0,0,0,0,1,0,0,0,1,0,0,0,0,0
ELZEN_B_2012_ANCHORING_OF_INNOVATIONS,0,1,0,0,1,0,0,0,0,0,1,0,0,0
FRENKEN_K_2012_BRANCHING_INNOVATION_REC,0,0,0,0,0,0,0,0,0,1,0,0,0,1
HAWKEY_DJC_2012_DISTRICT_HEATING_IN_THE_U,0,1,0,0,0,0,0,0,0,1,0,0,0,1
JACOBSSON_R_2012_THE_EMERGING_FUNDING_GAP,0,0,0,0,0,0,0,0,1,0,0,0,0,1
JENSEN_JS_2012_FRAMING_OF_REGIMES_AND_TR,0,0,0,1,1,0,0,0,0,0,0,0,1,0
JOHANSSON_N_2012_TRANSFORMING_DUMPS_INTO_G,0,0,0,0,1,1,0,0,1,0,0,0,0,0
KARLTORP_K_2012_EXPLAINING_REGIME_DESTABI,0,0,0,0,1,0,0,0,0,0,0,0,0,1
KHLER_J_2012_A_COMPARISON_OF_THE_NEO_S,0,1,0,0,1,0,0,0,0,0,1,0,0,0
NSS_P_2012_SUSTAINABLE_URBAN_DEVELOP,0,1,0,0,1,0,1,0,0,0,1,0,0,0
"NASTAR_M_2012_TRANSITION_IN_SOUTH_AFRIC",1,0,0,1,0,0,1,0,0,0,0,0,0,0
NILSSON_M_2012_HOW_DO_WE_GOVERN_SUSTAINA,0,0,0,0,1,0,0,0,0,0,0,0,0,1
PAPACHRISTOS_G_2011_A_SYSTEM_DYNAMICS_MODEL_O,0,1,0,0,1,0,0,0,0,0,1,0,0,0
RAVENA_R_2012_SPACE_AND_SCALE_IN_SOCIO,0,1,0,0,1,0,0,0,0,1,1,0,0,0
SCHMIDT_TS_2012_THE_EFFECTS_OF_CLIMATE_PO,0,0,1,0,0,1,0,0,1,0,0,0,0,1
SCHNEIDEWIND_U_2012_ANALYZING_A_TRANSITION_TO,0,1,0,0,1,0,0,0,0,0,1,0,0,0
SIERZCHULA_W_2012_THE_COMPETITIVE_ENVIRONME,1,0,0,0,0,0,0,0,1,0,0,0,0,0
VAN_DER_VOOREN_A_2012_EFFECTIVE_PUBLIC_RESOURCE,0,0,0,0,0,0,0,0,1,0,0,0,0,0
XIA_C_2012_UNDERSTANDING_THE_DEVELOP,0,0,0,0,1,0,0,0,0,1,0,0,0,0
ANTAL_M_2013_MACROECONOMICS_FINANCIAL,0,0,1,0,1,0,0,1,0,0,0,0,0,0
CASTEN_TR_2013_A_THEORY_OF_OSSIFICATION,0,0,0,0,0,0,0,1,0,0,0,0,0,0
CHAPPIN_EJL_2013_AN_AGENT_BASED_MODEL_OF_T,1,0,1,0,0,0,0,1,0,0,0,0,0,0
DIAZ_M_2013_GREEN_TIDES_IN_BRITTANY,0,1,0,0,1,0,1,0,0,0,1,0,0,0
FOXON_TJ_2013_RESPONDING_TO_THE_FINANCI,0,0,0,0,0,0,0,1,0,0,0,0,0,0
GEELS_FW_2013_THE_IMPACT_OF_THE_FINANCI,0,1,0,0,1,0,0,0,0,0,1,0,0,0
HANSEN_UE_2013_TRANSNATIONAL_LINKAGES_AN,0,1,0,1,0,0,1,0,0,0,0,0,0,0
HORNE_JP_2013_CLIMATE_CHANGE_AND_ECONOM,0,0,1,0,0,0,0,1,0,0,0,0,0,0
KRONSELL_A_2013_GENDER_AND_TRANSITION_IN,0,1,0,1,1,0,1,0,0,0,0,0,0,0
LAITNER_JA_2013_AN_OVERVIEW_OF_THE_ENERGY,0,0,0,0,0,0,0,0,1,0,0,0,0,0
LOORBACH_DA_2013_EXPLORING_THE_ECONOMIC_CR,0,1,0,0,1,0,0,0,0,0,0,0,0,0
O_RIORDAN_T_2013_SUSTAINABILITY_FOR_WELLBE,0,0,0,0,0,0,1,0,0,0,0,0,0,0
PAPACHRISTOS_G_2013_SYSTEM_INTERACTIONS_IN_SO,0,0,0,0,1,0,0,0,0,0,1,0,0,0
PEREZ_C_2013_UNLEASHING_A_GOLDEN_AGE_A,0,0,0,0,0,0,0,1,0,0,0,0,0,0
SCHULTE_UG_2013_NEW_BUSINESS_MODELS_FOR_A,0,0,0,0,0,1,1,1,0,0,0,0,0,0
SDERHOLM_K_2013_GOVERNING_SOCIO_TECHNICAL,0,0,0,0,0,0,0,0,0,0,0,0,0,0
SOPHA_BM_2013_ADOPTION_AND_DIFFUSION_OF,1,0,0,0,0,0,0,0,1,0,0,0,0,0
SWILLING_M_2013_ECONOMIC_CRISIS_LONG_WAV,0,0,0,0,0,0,0,0,0,0,0,0,0,0
VAN_DEN_BERGH_JCJM_2013_ECONOMIC_FINANCIAL_CRISIS,0,0,0,0,0,0,0,1,0,0,0,0,0,0
VAN_DEN_BERGH_JCJM_2013_ROBERT_AYRES_ECOLOGICAL,0,0,0,0,0,0,0,1,0,0,0,0,0,0
VAN_DER_PLOEG_R_2013_GREEN_GROWTH_GREEN_PARAD,0,0,1,0,0,0,0,1,0,0,0,0,0,0
VERGRAGT_PJ_2013_A_POSSIBLE_WAY_OUT_OF_THE,0,0,0,0,0,0,0,1,0,0,0,0,0,0
VON_WEISZCKER_EU_2013_BOOSTING_RESOURCE_PRODUCT,0,0,0,0,0,0,0,1,0,0,0,0,0,0
WIRTH_S_2013_INFORMAL_INSTITUTIONS_MAT,0,0,0,0,0,0,0,0,0,1,0,0,1,1
WISEMAN_J_2013_POST_CARBON_PATHWAYS_A_M,0,0,0,0,0,0,0,0,1,0,0,0,0,0
ANDERSEN_AD_2014_NO_TRANSITION_WITHOUT_TRA,0,0,0,0,0,0,0,0,0,0,0,0,0,1
ARAPOSTATHIS_S_2014_UK_NATURAL_GAS_SYSTEM_INT,0,0,0,0,1,0,0,0,1,0,1,0,0,0
AUDET_R_2014_THE_DOUBLE_HERMENEUTIC_OF,0,0,0,0,0,0,0,0,0,0,0,0,1,0
BAKKER_S_2014_ACTOR_RATIONALES_IN_SUSTA,0,1,0,0,0,0,0,0,0,0,0,0,0,1
BOSMAN_R_2014_DISCURSIVE_REGIME_DYNAMIC,0,0,0,0,0,0,0,0,0,0,0,0,1,1
COOK_M_2014_FLUID_TRANSITIONS_TO_MORE,0,0,0,0,0,1,0,0,0,0,0,0,0,0
FORREST_N_2014_LEARNING_FROM_SUCCESS_T,0,1,0,0,0,0,0,0,0,0,0,0,0,0
HESS_DJ_2014_RENEWABLE_ELECTRICITY_POL,0,0,1,0,0,0,0,0,0,0,0,1,1,0
HORBACH_J_2014_DO_LEAD_MARKETS_FOR_CLEAN,0,0,0,0,0,0,0,1,0,0,0,0,0,0
HUTTUNEN_S_2014_THE_NEED_FOR_POLICY_COHER,0,0,1,0,0,0,0,0,0,0,0,0,0,1
JOHNSON_FX_2014_PIONEER_COUNTRIES_IN_THE,0,1,0,0,1,0,0,0,0,0,1,0,0,0
KHLER_J_2014_LEAD_MARKETS_IN_2ND_GENER,0,0,0,0,0,0,0,0,0,0,0,0,0,0
LALAND_KN_2014_NICHE_CONSTRUCTION_INNOV,0,1,0,0,0,0,0,0,1,0,0,0,0,0
MOORE_T_2014_ZERO_EMISSION_HOUSING_PO,0,0,1,0,0,0,0,0,0,0,0,1,0,0
PAPACHRISTOS_G_2014_TRANSITION_INERTIA_DUE_TO,0,0,0,0,0,0,0,0,1,0,0,0,0,0
PEUCKERT_J_2014_WHAT_SHAPES_THE_IMPACT_OF,0,0,1,0,0,0,0,1,0,0,0,0,0,0
QUITZOW_R_2014_THE_CONCEPT_OF_LEAD_MARK,0,0,0,0,0,0,0,1,0,1,1,1,0,1
RENNINGS_K_2014_INTRODUCTION_GLOBAL_DIFF,0,0,0,0,0,0,0,1,0,0,0,0,0,0
SARASINI_S_2014_ELECTRIFYING_THE_AUTOMOTI,0,0,0,0,0,1,0,0,0,1,0,0,0,1
SCHOR_JB_2014_CLIMATE_DISCOURSE_AND_ECO,0,0,0,0,0,0,0,1,0,0,0,0,1,0
SEYFANG_G_2014_A_GRASSROOTS_SUSTAINABLE,0,1,0,0,0,0,0,0,0,0,0,0,0,0
TIMMERMANS_J_2014_POLICY_ENTREPRENEURS_IN_S,0,0,1,0,0,1,0,0,0,0,0,1,0,0
WALZ_R_2014_USING_LEAD_MARKET_FACTORS,0,0,0,0,0,0,0,1,0,0,1,0,0,0
ZEPPINI_P_2014_THRESHOLDS_MODELS_OF_TECH,0,0,0,0,0,0,0,1,1,0,0,0,1,0
AUGENSTEIN_K_2015_ANALYSING_THE_POTENTIAL_F,0,0,0,0,0,0,0,0,0,0,1,0,0,1
BENING_CR_2015_THE_NEED_TO_INCREASE_THE,0,0,1,0,0,0,0,0,0,0,0,1,0,1
BENTO_N_2015_SPATIAL_DIFFUSION_AND_THE,0,0,0,0,0,0,0,0,0,1,0,0,0,1
BERGEK_A_2015_TECHNOLOGICAL_INNOVATION,0,0,0,1,1,0,0,0,0,1,0,1,0,1
BOLTON_R_2015_A_SOCIO_TECHNICAL_PERSPEC,0,0,0,0,0,0,0,1,0,0,1,0,0,1
BORK_S_2015_HOW_ACTORS_CAN_INFLUENCE,1,0,0,0,0,0,0,0,0,0,0,0,1,0
BOS_JJ_2015_BUILDING_NETWORKS_AND_COA,0,0,0,0,0,0,0,0,0,0,0,0,0,0
BUDDE_B_2015_ON_THE_RELATION_BETWEEN_C,0,0,0,0,0,0,0,0,0,0,0,0,1,1
COENEN_L_2015_ENGAGING_WITH_CHANGING_SP,0,0,0,0,0,0,0,0,0,1,0,0,0,1
COHEN_N_2015_TRANSITIONING_THE_FOOD_SY,1,1,0,0,0,0,1,0,0,1,0,0,0,0
DE_WILDT_LIESVELD_R_2015_GOVERNANCE_STRATEGIES_TO,0,1,0,0,0,1,0,0,0,0,0,0,0,0
DEWALD_U_2015_TRAJECTORIES_OF_SUSTAINAB,0,0,0,0,0,0,0,0,0,1,0,0,0,1
DOMNECH_L_2015_LEARNING_PROCESSES_DURING,0,0,0,0,0,0,0,0,0,0,1,0,0,0
FORREST_N_2015_SUCCESS_FACTORS_AND_STRAT,0,1,0,0,0,0,0,0,0,0,1,0,0,0
GARCA_OLIVARES_A_2015_SUBSTITUTING_SILVER_IN_SO,0,0,0,0,0,0,0,0,1,0,0,0,0,0
GIORDANO_T_2015_INTEGRATING_INDUSTRIAL_PO,0,0,1,0,0,0,0,1,0,0,0,0,0,0
HALBE_J_2015_LESSONS_FOR_MODEL_USE_IN,0,0,0,0,0,0,0,0,1,0,0,0,0,0
HALEY_B_2015_LOW_CARBON_INNOVATION_FRO,0,0,0,0,0,0,0,0,0,0,0,0,0,1
HANSEN_T_2015_THE_GEOGRAPHY_OF_SUSTAINA,0,0,0,0,0,0,0,0,0,1,1,0,0,1
HANSEN_GH_2015_OFFSHORE_OIL_AND_GAS_FIRM,0,0,0,0,0,1,0,0,0,0,1,0,0,1
HEISKANEN_E_2015_THE_LOCAL_COMMUNITY_AS_A,1,1,0,0,0,0,0,0,0,0,0,0,0,0
HOLTZ_G_2015_PROSPECTS_OF_MODELLING_SO,0,0,0,0,0,0,0,0,1,0,0,0,0,0
JHAGROE_S_2015_SEE_NO_EVIL_HEAR_NO_EVIL,0,0,0,1,0,0,0,0,0,0,0,1,0,0
KERN_F_2015_ENGAGING_WITH_THE_POLITIC,0,0,0,1,1,0,0,0,0,0,0,1,1,1
KLITKOU_A_2015_THE_ROLE_OF_LOCK_IN_MECHA,0,0,0,0,1,0,0,0,0,0,1,0,0,0
LIEBERHERR_E_2015_THE_IMPACT_OF_PRIVATIZATI,0,0,0,0,0,1,0,0,0,0,0,0,0,0
LONGHURST_N_2015_TOWARDS_AN_ALTERNATIVE,1,1,0,0,0,0,1,0,0,1,0,0,0,0
MARKARD_J_2015_THE_TECHNOLOGICAL_INNOVAT,0,0,0,1,0,0,0,0,0,0,0,0,0,1
MARQUARDT_J_2015_HOW_TRANSITION_MANAGEMENT,0,0,0,0,0,0,1,0,0,0,0,0,0,0
MAZUR_C_2015_ASSESSING_AND_COMPARING_G,0,0,1,0,0,1,0,0,0,0,1,0,0,1
MURPHY_JT_2015_HUMAN_GEOGRAPHY_AND_SOCIO,0,0,0,0,0,0,1,0,0,1,1,0,0,1
"NAYAK_BP_2015_TRUST_AND_COOPERATION_AMO",1,0,0,0,0,0,0,0,0,0,0,0,0,0
NORMANN_HE_2015_THE_ROLE_OF_POLITICS_IN_S,0,0,0,1,0,0,0,0,0,0,0,1,0,0
NYKVIST_B_2015_THE_EV_PARADOX_A_MULTIL,0,1,0,0,1,0,0,0,0,0,1,0,0,0
PALM_A_2015_AN_EMERGING_INNOVATION_SY,0,0,0,0,0,0,0,0,0,0,0,0,0,1
QUITZOW_R_2015_DYNAMICS_OF_A_POLICY_DRIV,0,0,0,0,0,0,0,0,0,1,0,0,0,1
ROGERS_BC_2015_ANALYSIS_OF_INSTITUTIONAL,0,1,0,0,1,0,0,0,0,0,1,0,1,0
SENGERS_F_2015_TOWARD_A_SPATIAL_PERSPECT,0,1,0,0,0,0,0,0,0,1,1,0,0,0
TRUFFER_B_2015_THE_GEOGRAPHY_OF_SUSTAINA,0,0,0,1,0,0,1,0,0,1,1,0,0,1
UPHAM_P_2015_ADDRESSING_SOCIAL_REPRESE,0,0,0,0,0,0,0,0,0,0,1,0,1,0
VAN_DER_VOOREN_A_2015_EVALUATING_CO2_REDUCTION,1,0,1,0,0,0,0,0,1,0,0,0,0,0
VAN_HERK_S_2015_UNDERSTANDING_THE_TRANSIT,0,0,0,0,0,0,0,0,1,0,0,1,0,0
WELLS_P_2015_FROM_FREEDOM_OF_THE_OPEN,1,0,0,0,0,0,0,0,0,0,0,0,1,0
WEN_B_2015_TRANSITIONS_IN_URBAN_WATE,0,0,0,0,1,0,0,0,0,0,0,0,0,0
WESSELING_JH_2015_EXPLORING_CAR_MANUFACTURE,0,0,0,1,0,1,0,0,0,0,0,0,0,1
WIECZOREK_AJ_2015_BROADENING_THE_NATIONAL_F,0,0,0,0,0,0,0,0,0,1,0,0,0,1
WIECZOREK_AJ_2015_TRANSNATIONAL_LINKAGES_IN,0,1,0,0,0,0,0,0,0,1,0,0,0,1
BENTO_N_2016_MEASURING_THE_DURATION_OF,0,0,0,0,0,0,0,0,1,0,0,0,0,1
BERNARDO_G_2016_SYSTEMS_DYNAMIC_ANALYSIS,0,0,1,0,0,0,0,1,0,0,0,0,0,0
BOCKEN_NMP_2016_TOWARDS_A_SUFFICIENCY_DRI,1,0,0,0,0,1,0,0,0,0,0,0,0,0
BOHNSACK_R_2016_THE_INSTITUTIONAL_EVOLUTI,0,0,0,0,0,1,0,0,0,0,0,0,1,0
BOON_WPC_2016_LEARNING_TO_SHIELD_POLI,0,1,0,0,0,0,0,0,0,0,1,0,0,0
CAVICCHI_B_2016_SUSTAINABILITY_THAT_BACKF,0,1,1,0,0,0,0,0,1,0,0,0,0,0
DE_VRIES_GW_2016_USER_LED_INNOVATION_IN_CI,1,1,0,0,0,1,0,0,0,0,1,0,1,0
DEWALD_U_2016_WHY_DID_MORE_SUSTAINABLE,0,0,0,0,0,0,0,0,0,0,0,0,0,1
FALLER_F_2016_A_PRACTICE_APPROACH_TO_ST,0,0,0,0,0,0,0,0,0,1,0,0,0,0
FERGUSON_P_2016_PRODUCTIVITY_GROWTH_AS_A,0,0,0,0,0,1,0,0,0,0,0,0,0,0
FONTES_M_2016_THE_SPATIAL_DYNAMICS_OF_N,0,1,0,0,0,0,0,0,0,1,1,0,0,0
FRANCESCHINI_S_2016_NON_DISRUPTIVE_REGIME_CHA,0,0,0,0,0,0,0,0,1,0,0,0,0,1
FUDGE_S_2016_LOCAL_AUTHORITIES_AS_NICH,0,1,1,0,0,0,0,0,0,0,1,0,0,0
HESS_DJ_2016_THE_POLITICS_OF_NICHE_REG,0,1,0,1,1,0,0,0,0,0,1,1,0,0
HODSON_M_2016_REMAKING_THE_MATERIAL_FAB,0,0,0,1,0,0,0,0,0,1,0,0,1,0
HOES_AC_2016_COMMUNICATING_TENSIONS_AM,1,1,0,0,1,0,0,0,0,0,1,0,0,0
HOJNIK_J_2016_WHAT_DRIVES_ECO_INNOVATIO,0,0,0,0,0,1,0,1,0,0,0,0,0,0
HORBACH_J_2016_EMPIRICAL_DETERMINANTS_OF,0,0,1,0,0,1,0,0,0,0,0,0,0,0
HUIJBEN_JCCM_2016_MAINSTREAMING_SOLAR_STRE,0,1,0,0,1,1,0,0,0,0,1,0,0,0
JOHNSON_VCA_2016_ALTERNATIVE_LIQUID_FUELS,0,0,0,0,0,0,0,0,0,0,0,0,0,0
KARLTORP_K_2016_CHALLENGES_IN_MOBILISING,0,0,0,0,0,0,0,0,0,0,0,0,0,1
KNOBLOCH_F_2016_THE_BEHAVIOURAL_ASPECT_OF,0,0,0,0,0,0,0,1,0,0,0,0,0,0
KOSTAKIS_V_2016_TOWARDS_A_POLITICAL_ECOLO,0,0,0,0,0,0,0,1,0,0,0,0,0,0
KUOKKANEN_A_2016_NOT_ONLY_PEASANTS_ISSUE,1,0,0,0,0,0,0,0,0,0,0,0,0,1
LAUBER_V_2016_THE_POLITICS_AND_ECONOMIC,0,1,0,1,0,0,0,1,0,0,0,0,0,1
LOCKWOOD_M_2016_CREATING_PROTECTIVE_SPACE,0,1,1,1,0,0,0,0,0,0,1,1,1,0
MANIVANNAN_SV_2016_ENVIRONMENTAL_AND_HEALTH,0,0,0,0,0,0,0,0,1,0,0,0,0,0
MARKARD_J_2016_SOCIO_TECHNICAL_TRANSITIO,0,0,0,1,0,0,0,0,0,0,0,1,0,0
MCDOWALL_W_2016_ARE_SCENARIOS_OF_HYDROGEN,0,0,0,0,0,0,0,0,1,0,0,0,0,0
MORONE_P_2016_UNPACKING_LANDSCAPE_PRESS,0,0,0,1,1,0,0,0,0,0,1,0,0,0
OLAZABAL_M_2016_USE_OF_FUZZY_COGNITIVE_MA,0,0,0,0,0,0,0,0,1,0,0,0,0,0
RAVEN_R_2016_NICHE_CONSTRUCTION_AND_EM,0,1,0,1,0,0,0,0,0,0,1,1,0,0
RAVEN_R_2016_THE_POLITICS_OF_INNOVATIO,0,1,1,1,0,0,0,0,0,0,1,0,0,0
REICHARDT_K_2016_HOW_THE_POLICY_MIX_IMPACT,0,0,1,0,0,0,0,0,0,0,0,1,0,1
VALDERRAMA_PINEDA_AF_2016_CREATING_COPENHAGEN_S_MET,0,0,0,1,0,0,1,0,0,0,0,0,0,0
WARREN_B_2016_AUSTRALIA_S_SUSTAINABLE_E,0,0,1,0,0,0,1,0,0,0,0,0,0,0
WESSELING_JH_2016_EXPLAINING_VARIANCE_IN_NA,0,0,1,0,0,1,0,0,0,1,0,0,0,1
YAN_W_2016_ASSESSING_THE_IMPACT_OF_E,0,0,0,0,0,1,0,0,1,0,0,0,0,0
AHLBORG_H_2017_TOWARDS_A_CONCEPTUALIZATI,0,0,0,1,1,0,1,0,0,0,1,0,0,1
ANDERSSON_M_2017_LESSONS_FROM_A_CENTURY_OF,0,0,0,0,0,0,0,0,1,0,0,0,0,1
ANTADZE_N_2017_MORAL_ENTREPRENEURSHIP_T,0,0,0,0,0,1,0,0,0,0,1,0,1,0
AVELINO_F_2017_BEYOND_DECONSTRUCTION_A,0,0,0,0,0,0,1,0,0,0,0,0,0,0
BCKER_L_2017_SHARING_FOR_PEOPLE_PLANE,1,0,0,0,0,0,0,0,0,0,0,0,0,0
DARMANI_A_2017_CHARACTERISTICS_OF_INVEST,0,0,0,0,0,1,0,0,0,0,0,0,0,0
DE_RIVERA_J_2017_A_NETNOGRAPHIC_STUDY_OF_P,0,0,0,0,0,0,0,0,1,0,0,0,0,0
FIGENBAUM_E_2017_PERSPECTIVES_ON_NORWAY_S,0,0,0,0,0,0,0,0,0,0,1,0,0,0
FRENKEN_K_2017_PUTTING_THE_SHARING_ECONO,0,0,0,0,0,0,0,1,0,0,0,0,1,0
FRIDAHL_M_2017_AN_ASSESSMENT_OF_THE_POTE,0,0,1,0,0,0,0,0,0,0,1,1,0,0
GODELNIK_R_2017_MILLENNIALS_AND_THE_SHARI,1,1,0,0,0,0,0,0,0,0,0,0,0,0
GRUSZKA_K_2017_FRAMING_THE_COLLABORATIVE,0,0,0,0,0,0,1,0,0,0,0,0,0,0
HALEY_B_2017_DESIGNING_THE_PUBLIC_SECT,0,0,1,0,0,1,0,0,0,0,0,1,0,1
HARTMAN_P_2017_DYNAMIC_CAPABILITIES_FOR,0,0,0,0,0,1,0,0,1,1,0,0,0,0
HERNNDEZ_PALACIO_F_2017_A_TRANSITION_TO_A_DENSER,0,0,1,0,0,0,0,0,0,1,1,0,0,0
HOGARTH_JR_2017_EVOLUTIONARY_MODELS_OF_SU,0,0,1,0,0,0,0,1,0,0,0,0,0,0
HUBER_A_2017_THEORISING_THE_DYNAMICS_O,1,0,0,0,0,0,1,0,0,0,0,0,0,0
JAIN_M_2017_ANALYZING_SECTORAL_NICHE,0,1,0,0,0,0,0,0,0,0,0,0,0,1
KIEFT_A_2017_INTERACTIONS_BETWEEN_SYST,0,0,0,0,1,0,0,0,0,0,0,0,0,1
LI_FGN_2017_MODELLING_ENERGY_TRANSITI,0,0,0,0,0,0,0,0,1,0,1,0,0,0
LUQMANI_A_2017_FACTORS_BEHIND_SUSTAINABL,0,0,0,0,0,1,0,0,0,0,0,0,0,0
MAES_D_2017_AN_AGENT_BASED_MODEL_OF_F,0,0,0,0,0,1,0,0,0,0,0,0,0,0
MARTISKAINEN_M_2017_THE_ROLE_OF_COMMUNITY_LEA,0,1,0,0,0,0,0,0,0,0,0,0,0,0
MCDOWALL_W_2017_TEN_CHALLENGES_FOR_COMPUT,0,0,0,0,0,0,0,0,1,0,1,0,0,0
MCKEE_D_2017_NEOLIBERALISM_AND_THE_LEG,0,0,1,0,0,0,0,0,0,0,0,1,0,0
NIJLAND_H_2017_MOBILITY_AND_ENVIRONMENTA,1,0,0,0,0,0,0,0,0,0,0,0,0,0
NOAILLY_J_2017_KNOWLEDGE_SPILLOVERS_FROM,0,0,0,0,0,0,0,0,1,0,0,0,0,0
NYKAMP_H_2017_A_TRANSITION_TO_GREEN_BUI,0,1,0,0,0,0,0,0,0,0,1,0,0,0
OLKKONEN_L_2017_REDEFINING_A_STAKEHOLDER,1,0,0,0,0,1,0,0,0,0,0,0,0,0
OSUNMUYIWA_O_2017_TRANSITIONS_IN_UNLIKELY_P,1,1,1,0,1,0,0,0,0,0,1,1,0,0
PATTERSON_J_2017_EXPLORING_THE_GOVERNANCE,0,0,0,1,0,0,0,0,0,0,0,1,0,0
RANDELLI_F_2017_ANALYSING_THE_ROLE_OF_CON,1,1,0,0,0,0,0,0,0,1,0,0,0,1
TONGUR_S_2017_EXPLORING_WINDOW_OF_OPPOR,0,1,0,0,0,1,0,0,0,0,0,0,0,1
VOYTENKO_PALGAN_Y_2017_SUSTAINABILITY_FRAMINGS_O,1,0,0,0,0,0,0,0,0,0,0,0,1,0
WINKLER_B_2017_INTEGRATED_ASSESSMENT_OF,0,0,0,0,0,1,1,0,0,0,0,0,0,0
WITTMAYER_JM_2017_ACTOR_ROLES_IN_TRANSITION,0,0,0,1,0,0,0,0,0,0,0,1,0,0
BARNES_J_2018_THE_INSTITUTIONALISATION,0,0,0,0,1,1,0,0,0,0,0,1,1,0
BAUER_F_2018_NARRATIVES_OF_BIOREFINERY,0,0,0,0,0,0,0,0,1,0,0,0,1,0
BECKER_SL_2018_REGIME_PRESSURES_AND_ORGA,0,1,0,0,0,1,0,0,0,0,1,0,0,0
BELMIN_R_2018_CONTRIBUTION_OF_TRANSITIO,0,1,0,0,1,1,0,0,0,1,0,0,0,0
BINZ_C_2018_UNRELATED_DIVERSIFICATION,0,0,0,0,0,0,0,0,0,1,0,0,0,1
BIRTCHNELL_T_2018_ON_THE_VERGE_OF_CHANGE_M,1,1,1,0,0,0,0,0,0,0,1,0,0,0
BOCKEN_NMP_2018_EXPERIMENTING_WITH_A_CIRC,0,0,0,0,0,1,0,0,0,0,0,0,0,0
BGEL_PM_2018_ROLE_OF_PSYCHOLOGY_IN_SOC,1,0,0,0,0,0,0,0,0,0,0,0,0,0
BORGHEI_BB_2018_NICHE_AGGREGATION_THROUGH,0,1,0,0,0,1,0,0,0,0,0,0,0,0
BOYER_RHW_2018_INTERMEDIACY_AND_THE_DIFF,0,1,0,0,0,0,0,0,0,1,0,0,0,0
BUSCH_J_2018_DESIGNING_INDUSTRIAL_STRA,0,0,1,0,0,0,0,1,0,0,0,1,0,0
CARROLI_L_2018_PLANNING_ROLES_IN_INFRAST,0,0,1,0,0,0,0,0,0,0,1,1,0,0
CELATA_F_2018_THE_POLICING_OF_COMMUNITY,0,0,0,1,0,0,1,1,0,1,0,0,0,0
DINNIE_E_2018_THE_INFLUENCE_OF_PUBLIC_F,0,0,0,0,0,0,1,0,0,1,0,0,0,0
EHNERT_F_2018_URBAN_SUSTAINABILITY_TRAN,0,0,1,1,0,0,0,0,0,0,1,1,0,0
FIRESTONE_J_2018_POWER_TRANSMISSION_WHERE,1,0,0,0,0,0,0,0,0,0,0,0,0,0
FRANTZESKAKI_N_2018_CO_PRODUCING_URBAN_SUSTAI,0,0,0,1,0,0,0,0,0,1,0,0,0,0
GIURCA_A_2018_A_SOCIAL_NETWORK_ANALYSIS,0,0,0,0,0,0,0,0,0,0,0,0,0,1
HKANSSON_I_2018_THE_SOCIO_SPATIAL_POLITIC,0,0,0,1,0,0,1,0,0,1,0,0,0,0
HANSON_J_2018_ESTABLISHED_INDUSTRIES_AS,0,0,0,0,1,1,0,0,0,0,0,0,0,1
HAUKKALA_T_2018_A_STRUGGLE_FOR_CHANGETHE,0,0,1,1,0,0,0,0,0,0,0,1,0,0
HEISKANEN_E_2018_INCUMBENT_ENERGY_COMPANIE,0,0,0,1,0,0,1,0,0,0,0,0,1,0
HENFREY_T_2018_POLICY_AND_COMMUNITY_LED,0,0,0,0,0,0,1,0,0,0,0,0,0,0
HESS_DJ_2018_LOCAL_MATTERS_POLITICAL,0,0,0,1,0,0,0,0,0,0,0,1,1,0
HOBSON_K_2018_SYSTEMS_OF_PRACTICE_AND_T,1,0,0,0,0,1,0,0,0,0,0,0,0,0
HLSCHER_K_2018_TRANSITION_VERSUS_TRANSFO,0,0,0,0,1,0,0,0,0,0,1,0,0,0
HUANG_P_2018_INTERDEPENDENCE_BETWEEN_U,0,0,0,1,0,0,0,0,0,1,0,0,0,0
INGRAM_J_2018_AGRICULTURAL_TRANSITION,0,1,0,0,0,0,0,0,0,0,0,0,1,0
JOHNSTONE_P_2018_SUSTAINABILITY_TRANSITION,0,0,1,1,0,0,0,0,0,0,0,1,0,0
KAMPELMANN_S_2018_CURATING_COMPLEXITY_AN_A,0,0,0,0,0,0,1,0,0,0,0,0,0,0
KERN_F_2018_HARNESSING_THEORIES_OF_TH,0,0,1,1,0,0,0,0,0,0,1,1,0,1
KOEHRSEN_J_2018_RELIGIOUS_AGENCY_IN_SUSTA,0,1,0,0,1,0,1,0,0,0,1,0,0,0
KUCHARSKI_JB_2018_AN_INSTITUTIONAL_ANALYSIS,0,0,1,0,0,0,0,0,1,0,0,1,0,0
KUNGL_G_2018_SEQUENCE_AND_ALIGNMENT_OF,0,0,0,0,0,0,0,0,0,0,1,0,0,0
LUKKARINEN_J_2018_AN_INTERMEDIARY_APPROACH,0,0,0,0,0,0,0,0,0,1,0,0,0,1
MARTISKAINEN_M_2018_CREATING_INNOVATIVE_ZERO,0,0,0,0,0,0,0,0,0,0,1,0,0,1
MAYER_A_2018_A_JUST_TRANSITION_FOR_COA,0,0,1,0,0,0,0,0,1,1,0,0,0,0
MIGNON_I_2018_A_TYPOLOGY_OF_INTERMEDIAR,0,0,1,0,0,1,0,0,0,0,0,0,0,0
MOSSBERG_J_2018_CROSSING_THE_BIOREFINERY,0,1,0,0,0,0,0,0,0,0,0,0,0,1
PRENDEVILLE_S_2018_CIRCULAR_CITIES_MAPPING,0,0,0,0,0,1,0,0,0,0,0,0,0,0
RAMILLER_A_2018_SCALE_LIMITS_TO_SUSTAINAB,0,0,0,0,0,0,0,0,0,1,0,0,0,0
RODDIS_P_2018_ECO_INNOVATION_TO_REDUCE,0,0,0,0,0,1,0,0,0,1,0,0,0,0
ROSENBLOOM_D_2018_FRAMING_LOW_CARBON_PATHWA,0,0,1,1,0,0,0,0,0,0,0,1,1,0
SARASINI_S_2018_INTEGRATING_A_BUSINESS_MO,0,0,0,0,0,1,0,0,0,0,1,0,0,1
SRENSEN_KH_2018_ARTICULATIONS_OF_MUNDANE,0,0,0,1,0,0,1,0,0,0,0,0,0,0
VAN_MOSSEL_A_2018_NAVIGATORS_THROUGH_THE_ST,0,0,0,0,0,1,0,0,0,0,1,0,1,0
VAN_OERS_LM_2018_THE_CREATION_OF_LEGITIMAC,0,0,0,0,0,1,0,0,0,0,0,0,1,0
ANTAL_M_2019_HOW_THE_REGIME_HAMPERED_A,0,0,1,1,0,0,0,0,0,0,1,1,0,0
ARAPOSTATHIS_S_2019_STEERING_THE_C_DAY_INSIG,0,0,1,0,0,0,0,0,1,0,0,0,1,0
BHAMIDIPATI_PL_2019_AGENCY_IN_TRANSITION_THE,0,0,0,1,0,0,1,0,1,0,1,0,0,0
BLADH_M_2019_ORIGIN_OF_CAR_ENTHUSIASM,0,0,0,0,0,0,0,0,0,0,0,0,1,0
BOLTON_R_2019_GRAND_VISIONS_AND_PRAGMAT,0,0,0,0,0,0,0,0,0,0,0,0,0,0
BOSE_STYCZYNSKI_A_2019_PUBLIC_POLICY_STRATEGIES,0,0,1,0,0,0,0,0,0,0,0,1,0,0
CLAUSEN_J_2019_THE_DIFFUSION_OF_ENVIRONM,0,1,0,0,0,1,0,0,1,0,0,0,0,0
DAI_Y_2019_POLICY_INSTRUMENT_DESIGNE,0,0,1,0,0,1,0,0,0,0,0,1,0,0
DUYGAN_M_2019_A_HEURISTIC_FOR_CONCEPTUA,0,0,0,1,1,0,0,0,0,0,0,0,1,0
FLYNN_A_2019_GOVERNANCE_OF_THE_CIRCULA,0,0,0,0,0,0,0,0,0,0,0,1,0,0
FOTOPOULOS_Y_2019_BRANCHING_POINTS_AND_TRAN,0,0,0,0,0,0,0,0,0,0,0,1,0,0
GEALL_S_2019_AGRI_FOOD_TRANSITIONS_AND,0,1,0,0,0,0,0,0,0,0,0,0,1,0
HAAS_T_2019_COMPARING_ENERGY_TRANSITI,0,0,1,1,0,0,0,0,0,0,0,1,0,0
HITEVA_R_2019_GOVERNANCE_OF_INTERACTION,0,0,0,0,0,0,0,0,0,0,1,0,1,0
HUBEAU_M_2019_SHARING_IS_CARING_THE_RO,0,0,0,0,0,0,0,0,0,0,0,0,1,0
HUXLEY_R_2019_THE_ROLE_OF_REGIME_LEVEL,0,0,0,0,1,0,0,0,0,1,0,0,0,0
IVANOV_MJ_2019_GOVERNED_BY_TENSIONS_THE,0,0,0,1,0,0,0,0,0,0,0,0,1,0
KANGER_L_2019_DEEP_TRANSITIONS_THEORIZ,0,1,0,0,0,0,0,0,0,0,1,0,0,0
KARSLEN_R_2019_AN_AGENT_BASED_MODEL_OF_C,0,0,0,0,1,0,0,0,1,0,0,0,0,0
KIVIMAA_P_2019_PASSING_THE_BATON_HOW_IN,0,0,0,0,0,1,0,0,0,0,1,0,0,0
KHLER_J_2019_AN_AGENDA_FOR_SUSTAINABIL,0,0,0,0,0,0,0,0,0,0,0,0,0,0
LANG_L_2019_AN_ORGANIZATIONAL_VIEW_ON,1,0,0,0,0,1,0,0,0,0,0,0,0,0
LEE_D_2019_INCUMBENT_RESISTANCE_AND,0,0,0,1,0,0,0,0,0,0,0,0,1,0
MEELEN_T_2019_VIRTUAL_USER_COMMUNITIES,1,0,0,0,0,1,0,0,0,0,0,0,0,0
MEIJER_LLJ_2019_ALIGN_ADAPT_OR_AMPLIFY,0,1,0,0,1,1,0,0,1,0,0,0,0,0
MOALLEMI_EA_2019_COPING_WITH_UNCERTAINTIES,1,0,0,0,0,0,0,0,1,0,0,0,0,0
MORAIS_MOURATO_J_2019_COMMUNITY_BASED_INITIATIV,0,0,0,0,0,0,0,0,0,0,0,1,0,0
MHLEMEIER_S_2019_DINOSAURS_IN_TRANSITION,0,0,0,0,0,1,0,0,0,0,1,0,0,0
MUNRO_FR_2019_RENEWABLE_ENERGY_AND_TRAN,0,0,0,0,0,0,0,0,0,1,1,0,0,0
MYLAN_J_2019_RAGE_AGAINST_THE_REGIME,0,1,0,0,1,0,0,0,0,0,1,0,0,0
NIELSEN_J_2019_CONCEPTUALISING_THE_BUILT,0,0,0,0,0,0,1,0,0,0,0,0,0,0
NOEL_L_2019_CONSPICUOUS_DIFFUSION_TH,1,1,0,0,0,1,0,0,0,0,0,0,0,0
NORMANN_HE_2019_CONDITIONS_FOR_THE_DELIBE,0,0,0,0,1,0,0,0,0,0,1,1,0,0
NUVOLARI_A_2019_UNDERSTANDING_SUCCESSIVE,0,0,0,0,0,0,0,0,0,0,0,0,0,1
PAN_M_2019_COMPARING_THE_INNOVATION,0,0,1,0,0,1,0,0,0,0,0,0,0,1
PAPACHRISTOS_G_2019_SYSTEM_DYNAMICS_MODELLING,0,0,0,0,0,0,0,0,1,0,0,0,0,0
PELZER_P_2019_INSTITUTIONAL_ENTREPRENEU,0,0,1,0,1,0,0,0,0,0,0,1,1,0
RUBIO_VARAS_MDM_2019_THE_FIRST_WORLD_WAR_AND_T,0,0,0,0,0,1,0,0,0,0,0,0,0,0
SANZ_HERNNDEZ_A_2019_A_TRANSITION_TO_AN_INNOVA,0,0,0,0,0,1,0,0,0,0,0,0,0,0
SAWULSKI_J_2019_TECHNOLOGICAL_INNOVATION,0,0,0,0,0,0,0,0,0,0,0,0,0,1
SCHANZ_H_2019_MARKETS_AS_LEVERAGE_POINT,0,0,0,0,0,0,0,1,0,0,0,0,0,0
SHEN_W_2019_ADAPTIVE_POLICY_INNOVATIO,0,1,1,0,0,0,1,0,0,0,0,0,0,0
SOVACOOL_BK_2019_CONTESTED_VISIONS_AND_SOC,0,0,0,0,0,0,0,0,0,0,0,0,1,0
SOVACOOL_BK_2019_TRANSFORMATIVE_VERSUS_CON,0,0,0,0,0,1,0,0,0,0,0,0,0,1
TCHALAKOV_I_2019_THE_BULGARIAN_NUCLEAR_SEC,0,0,0,1,0,0,0,0,0,0,0,0,1,0
TORRENS_J_2019_SEEDBEDS_HARBOURS_AND_B,0,1,0,0,0,0,0,0,0,1,1,0,0,0
VAN_DER_VLEUTEN_E_2019_RADICAL_CHANGE_AND_DEEP_T,0,0,0,0,0,0,0,0,0,0,0,0,0,0
VAN_WELIE_MJ_2019_INNOVATION_CHALLENGES_OF,0,0,0,0,0,1,0,0,0,0,0,0,0,1
VAN_WELIE_MJ_2019_TOWARDS_SUSTAINABLE_URBAN,0,0,0,0,0,0,0,0,0,0,0,0,0,1
WILLIAMS_S_2019_JUSTICE_IN_ENERGY_TRANSIT,0,0,0,1,0,0,0,0,0,0,0,1,1,0
WREFORD_A_2019_ENABLING_A_TRANSFORMATION,0,1,1,0,1,0,0,0,1,0,0,0,0,0
ZUEV_D_2019_WHERE_IS_THE_POLITICS_E,0,0,0,1,0,0,0,0,0,0,0,0,1,0
ANDERSEN_AD_2020_THE_ROLE_OF_INTER_SECTORA,0,0,0,0,0,0,0,1,0,0,1,0,0,1
ANTAL_M_2020_LET_S_FOCUS_MORE_ON_NEGAT,0,0,0,0,0,0,0,0,0,1,0,0,0,0
ANTOSIEWICZ_M_2020_PATHWAYS_FOR_THE_TRANSITI,0,0,0,0,0,0,0,1,0,0,0,0,0,0
ARNING_K_2020_RISK_BENEFIT_PERCEPTIONS,0,0,0,0,0,0,0,1,1,0,0,0,0,0
BACHNER_G_2020_RISK_ASSESSMENT_OF_THE_LO,0,0,1,0,0,0,0,1,0,0,0,0,0,0
BAUKNECHT_D_2020_CHALLENGES_FOR_ELECTRICIT,0,1,1,0,0,0,0,0,1,0,1,0,0,0
BERGEK_A_2020_DIFFUSION_INTERMEDIARIES,0,0,0,0,0,1,0,0,0,0,0,0,0,1
BERKA_AL_2020_EXPLAINING_INCLUSIVITY_IN,1,1,0,0,0,1,0,0,0,0,0,0,0,0
BERTHEAU_P_2020_CHALLENGES_FOR_IMPLEMENTI,1,1,0,0,0,0,1,0,0,0,0,0,0,0
BINZ_C_2020_GEOGRAPHIES_OF_TRANSITION,0,0,0,0,0,0,0,0,0,1,1,0,0,1
BJRNVOLD_A_2020_ELICITING_POLICYMAKERS_PR,0,0,1,0,0,1,0,1,0,0,0,0,0,0
BOON_WPC_2020_MARKET_FORMATION_IN_THE_C,1,0,0,0,0,1,0,0,0,0,1,0,0,1
BRAUERS_H_2020_COMPARING_COAL_PHASE_OUT,0,0,0,1,0,0,0,0,0,0,1,0,0,0
BRISBOIS_MC_2020_SHIFTING_POLITICAL_POWER,0,1,0,1,0,0,0,0,0,0,0,1,0,0
BUSH_J_2020_THE_ROLE_OF_LOCAL_GOVERNM,0,1,0,0,0,0,0,0,0,0,0,0,0,0
CHLEBNA_C_2020_THE_FRAGILITY_OF_REGIONAL,0,0,0,0,0,0,0,0,0,1,0,0,0,1
COLLINS_B_2020_IT_S_NOT_TALKED_ABOUT_TH,1,1,0,0,0,0,0,0,1,0,0,0,0,0
DE_OLIVEIRA_LGS_2020_A_MECHANISM_BASED_EXPLANA,0,0,1,0,0,0,0,0,1,0,0,0,0,1
DIGNUM_M_2020_NURTURING_NATURE_EXPLORI,0,1,1,0,0,0,0,0,0,1,0,0,0,0
EDGE_S_2020_SHIFTING_GEARS_ON_SUSTAIN,1,0,0,0,0,0,0,0,0,0,1,0,0,0
EDMONDSON_DL_2020_ZERO_CARBON_HOMES_IN_THE,0,0,1,0,0,0,0,0,0,0,0,1,0,0
FELL_MJ_2020_CAPTURING_THE_DISTRIBUTIO,0,0,0,1,0,0,0,0,0,0,0,1,0,0
FEOLA_G_2020_CAPITALISM_IN_SUSTAINABIL,0,0,0,1,0,0,1,0,0,0,0,0,0,0
FRANCO_TORRES_M_2020_A_FRAMEWORK_TO_EXPLAIN_TH,0,0,0,0,0,0,1,0,0,0,0,0,1,0
FRASER_T_2020_CLIMATE_CRISIS_AT_CITY_HA,0,0,1,0,0,0,0,0,0,0,0,1,0,0
GALEANO_GALVAN_M_2020_EXPLORING_INCUMBENTS_AGEN,0,0,0,0,0,1,0,0,0,0,0,0,1,0
GAMACHE_G_2020_CAN_LIVING_LABS_OFFER_A_P,1,1,0,0,0,0,0,0,0,0,0,0,0,0
GOMEL_D_2020_MERE_DEPLOYMENT_OF_RENEWA,0,0,1,0,0,0,0,0,0,0,0,1,0,0
GOSENS_J_2020_CHINA_S_POST_COVID_19_STI,0,0,1,0,0,0,0,0,0,0,0,1,0,0
GOSENS_J_2020_CHINA_S_ROLE_IN_THE_NEXT,0,1,0,0,0,0,0,0,0,1,0,0,0,1
GOYAL_N_2020_WHO_LEARNS_WHAT_IN_SUSTAI,0,0,1,0,0,0,0,0,0,0,0,1,0,0
GRANDIN_J_2020_WHAT_STICKS_EPHEMERALITY,0,1,0,0,0,0,0,0,0,1,1,0,0,0
HAFNER_S_2020_CLOSING_THE_GREEN_FINANCE,0,0,0,0,0,1,0,0,0,0,0,0,0,0
HALBE_J_2020_PARTICIPATORY_MODELING_FO,1,0,0,0,0,0,0,0,1,0,0,0,0,0
HEKKERT_MP_2020_MISSION_ORIENTED_INNOVATI,0,0,1,0,0,0,0,0,0,0,0,1,0,1
HIRT_LF_2020_A_REVIEW_OF_LINKING_MODEL,0,0,0,0,0,0,0,0,1,0,1,0,0,0
HOOGSTRAATEN_MJ_2020_THE_STUDY_OF_INSTITUTIONA,0,0,0,0,0,0,0,0,0,0,1,0,1,0
HOPKINS_D_2020_NOT_MORE_BUT_DIFFERENT_A,0,0,0,0,0,0,1,0,0,0,1,0,0,1
HTTE_K_2020_THE_ECONOMICS_OF_TRANSITI,0,0,1,0,0,0,0,1,0,0,1,0,0,0
HURLBERT_M_2020_TRANSITIONING_FROM_COAL,0,0,0,0,0,0,0,0,1,0,1,0,0,0
ISAKSSON_K_2020_INSTITUTIONAL_CAPACITY_TO,0,0,0,1,0,0,0,0,0,1,0,0,1,0
JULSRUD_TE_2020_MOVING_SMALL_CRAFTS_AND_S,0,0,0,0,0,0,1,0,0,0,0,0,0,0
KANDA_W_2020_CONCEPTUALISING_THE_SYSTE,0,0,0,0,0,0,0,0,0,0,1,0,0,1
KANGER_L_2020_NEGLECTED_SYSTEMS_AND_THE,0,0,0,0,0,0,0,0,0,0,0,0,0,0
KERN_F_2020_GOVERNING_THE_SECOND_DEEP,0,0,1,0,0,0,0,0,0,0,1,1,0,0
KESTER_J_2020_BETWEEN_HOPE_HYPE_AND_H,0,0,0,0,0,0,1,0,0,0,0,0,0,0
KITZING_L_2020_AN_EVOLVING_RISK_PERSPECT,0,0,1,0,0,0,0,1,0,0,0,0,0,0
KIVIMAA_P_2020_INTERMEDIARIES_IN_ACCELER,0,0,0,0,0,0,0,0,0,0,1,0,0,1
KIVIMAA_P_2020_INTERMEDIATING_POLICY_FOR,0,0,1,1,0,0,0,0,0,0,1,1,0,0
KOLK_A_2020_THE_POTENTIAL_OF_SUSTAINA,0,0,0,0,0,1,0,0,0,0,0,0,0,0
KORETSKY_Z_2020_TECHNOLOGY_PHASE_OUT_AS_U,0,0,0,0,0,0,1,0,0,0,0,0,0,0
KUCKERTZ_A_2020_ENTREPRENEURSHIP_AND_THE,0,0,0,0,0,1,0,0,0,0,0,0,0,1
LAZAREVIC_D_2020_NICHE_POLITICS_BIOGAS_T,0,1,0,0,0,0,1,0,0,0,1,0,0,0
LEIPPRAND_A_2020_STARTING_LOW_REACHING_HI,0,0,1,0,0,0,0,0,0,0,0,1,0,0
LENHART_S_2020_MUNICIPAL_UTILITIES_AND_E,0,0,0,1,0,0,1,0,0,0,0,1,1,0
LIN_X_2020_INTER_NICHE_COMPETITION_O,0,1,0,0,0,0,0,0,0,0,1,0,0,0
LOORBACH_D_2020_TRANSFORMATIVE_INNOVATION,0,1,0,0,0,0,0,0,0,0,0,0,0,0
LOSACKER_S_2020_REGIONAL_LEAD_MARKETS_FOR,0,0,1,0,0,0,0,0,0,1,1,0,0,1
LOWES_R_2020_HEATING_IN_GREAT_BRITAIN,0,0,0,1,0,0,0,0,0,0,0,1,0,0
MATSCHOSS_K_2020_NETWORK_ANALYSIS_OF_ENERG,0,1,0,0,0,0,0,0,0,0,0,0,0,0
MAYER_J_2020_QUALITATIVE_AND_QUANTITAT,0,0,0,0,0,0,0,1,0,0,0,0,0,0
MIGNON_I_2020_WHAT_INTERESTS_DO_INTERME,0,0,0,0,0,1,0,0,0,0,0,0,0,0
MOUSAVI_S_2020_CORPORATE_NGO_PARTNERSHIP,0,0,0,0,0,1,0,0,0,0,1,0,0,1
MURTO_P_2020_CAPTURING_THE_MICRO_LEVEL,0,0,0,0,0,0,0,0,0,0,0,0,1,0
"NAIDOO_CP_2020_RELATING_FINANCIAL_SYSTEM",0,0,0,0,0,1,0,0,0,0,1,0,0,0
NIKAS_A_2020_BARRIERS_TO_AND_CONSEQUEN,0,0,0,0,0,0,0,1,1,0,0,0,0,0
OSAZUWA_PETERS_M_2020_SASKATCHEWAN_S_ENERGY_FUT,1,0,0,0,0,0,0,0,1,0,0,1,0,0
OTTOSSON_M_2020_SHAPING_SUSTAINABLE_MARKE,0,0,0,0,0,1,0,0,0,0,0,0,0,0
PETZER_BJMBJM_2020_CYCLING_AS_A_SERVICE_ASSE,0,1,0,0,0,1,0,0,0,0,0,0,0,0
PLOLL_U_2020_A_SOCIAL_INNOVATION_PERSP,1,0,0,0,0,1,0,0,0,0,0,0,0,0
PRICE_OM_2020_FINDING_CONVERGENCE_ECON,1,1,0,0,0,1,1,0,0,0,0,0,0,0
ROHE_S_2020_THE_REGIONAL_FACET_OF_A_G,0,0,0,0,0,0,0,0,0,1,0,0,0,1
ROSENBLOOM_D_2020_ENGAGING_WITH_MULTI_SYSTE,0,0,0,0,0,0,0,0,0,0,1,0,0,1
RUNHAAR_H_2020_ENDOGENOUS_REGIME_CHANGE,0,0,0,0,1,0,0,0,0,0,0,0,1,0
SALONEN_H_2020_MODERNIZATION_OF_RUSSIAN,0,0,0,0,0,0,0,0,0,0,0,1,0,0
SCHERRER_A_2020_POWER_FROM_ABOVE_ASSESSI,0,0,0,1,0,0,0,0,0,0,1,0,0,1
SCHIPPL_J_2020_DIRECTIONALITY_OF_TRANSIT,1,0,0,0,1,0,0,0,0,1,0,0,1,1
SCHNEIDER_C_2020_RISKS_AND_OPPORTUNITIES_A,0,0,1,0,0,0,0,0,1,0,0,0,0,0
SCHOLZ_G_2020_A_SOCIAL_LEARNING_AND_TRA,0,0,0,1,0,0,0,0,0,0,0,0,0,0
SCHWABE_J_2020_THE_EVOLUTION_OF_COOPERAT,0,1,0,0,0,0,0,0,0,1,1,0,0,0
SHARMA_T_2020_A_NEW_HYBRID_APPROACH_FOR,0,0,0,0,0,0,0,1,1,0,0,0,0,0
SILAEN_M_2020_LESSONS_FROM_BALI_FOR_SMA,0,0,0,0,0,0,0,1,0,0,0,0,0,0
SILLAK_S_2020_GLOBAL_PRESSURES_VS_LOCA,0,0,0,1,0,0,0,0,0,0,1,1,0,0
SKJLSVOLD_TM_2020_TEMPORAL_ECHOES_AND_CROSS,0,1,0,0,0,0,0,0,0,1,0,0,0,0
SKOCZKOWSKI_T_2020_CLIMATE_CHANGE_INDUCED_UN,0,0,0,0,0,0,0,0,1,0,0,0,0,0
SPIJKER_E_2020_EVALUATING_INTEGRATED_IMP,0,0,0,0,0,0,0,1,0,0,0,0,0,0
STALMOKAIT_I_2020_DYNAMIC_CAPABILITIES_AND,0,0,0,0,0,1,0,0,0,0,0,0,0,0
STILES_J_2020_STRATEGIC_NICHE_MANAGEMEN,0,1,0,0,0,0,0,0,0,1,0,0,0,0
SUITNER_J_2020_MAKING_ENERGY_TRANSITION,0,0,0,1,0,1,1,0,0,0,0,0,1,0
TAYLOR_R_2020_MODELLING_STAKEHOLDER_AGE,0,0,0,0,0,0,0,0,1,0,0,0,0,0
TURNHEIM_B_2020_EXPLORING_THE_ROLE_OF_FAI,0,0,1,0,0,1,0,0,0,0,0,1,0,1
TURNHEIM_B_2020_MAKING_SUSTAINABILITY_TRA,0,0,1,0,0,0,0,0,0,0,1,0,0,0
TZIVA_M_2020_UNDERSTANDING_THE_PROTEIN,1,0,0,0,0,0,0,0,0,0,0,0,0,1
UPHAM_P_2020_THINKING_ABOUT_INDIVIDUAL,0,0,0,0,0,0,0,0,0,0,0,0,0,0
VALOR_C_2020_ANTICIPATED_EMOTIONS_AND,1,0,0,0,0,1,0,0,0,0,0,0,0,0
VAN_BOXSTAEL_A_2020_INTERMEDIATING_THE_ENERGY,0,1,0,0,1,0,0,0,0,1,1,0,0,0
VAN_DEN_BERGE_M_2020_DO_EXISTING_REGIONAL_SPEC,0,0,0,0,1,0,0,0,0,1,0,0,0,0
VAN_DER_JAGT_APN_2020_NATURE_BASED_INNOVATION_S,0,0,0,0,0,0,0,0,0,1,0,0,0,1
VAN_DER_LOOS_HZA_2020_INTERNATIONAL_MARKETS_AND,0,0,0,0,0,0,0,0,0,0,0,0,0,1
VAN_DOREN_D_2020_INSTITUTIONAL_WORK_IN_DIV,0,1,0,0,0,0,0,0,0,0,1,0,1,0
VAN_LENTE_H_2020_POSITIONING_OF_SYSTEMIC_I,0,0,0,0,0,0,1,0,0,0,1,0,0,1
VAN_MIERLO_B_2020_UNDERSTANDING_AND_GOVERNI,0,0,0,0,0,1,0,0,0,0,0,0,1,0
VAN_POECK_K_2020_OPENING_UP_THE_BLACK_BOX,0,0,0,0,0,0,0,0,0,0,0,0,0,0
VAN_RIJNSOEVER_FJ_2020_A_PRACTICAL_TOOL_FOR_ANAL,0,0,0,0,0,1,0,0,0,0,1,0,0,0
VAN_VLIET_O_2020_THE_IMPORTANCE_OF_STAKEHO,0,0,0,0,0,0,0,0,1,0,0,0,0,0
VAN_WAES_A_2020_WHY_DO_COMPANIES_INSTITUT,0,1,0,0,0,1,0,0,0,0,0,0,1,0
VERMUNT_DA_2020_SUSTAINABILITY_TRANSITION,0,0,0,0,0,0,0,0,0,0,1,0,0,1
VIHEMKI_H_2020_INTERMEDIARIES_TO_ACCELER,0,1,1,1,0,0,0,0,0,0,1,0,0,0
VINKE_DE_KRUIJF_J_2020_WIDER_LEARNING_OUTCOMES_O,0,0,0,0,0,0,0,0,1,0,0,0,0,0
WANITSCHKE_A_2020_ARE_BATTERY_ELECTRIC_VEHI,0,0,0,0,0,0,0,0,1,0,0,0,0,0
WENG_W_2020_LANDSCAPE_MATTERS_INSIGH,0,1,0,0,1,0,0,0,0,0,1,0,0,0
WESTSKOG_H_2020_SHARING_AMONG_NEIGHBOURS,1,1,0,0,0,0,0,0,0,0,0,0,1,0
WILKINSON_S_2020_HISTORICAL_TRANSITIONS_OF,0,1,0,0,1,0,0,0,0,0,1,0,0,0
WILLIAMS_S_2020_THE_ENERGY_FUTURES_LAB_A,0,0,0,1,0,0,0,0,0,0,0,1,1,0
YANG_K_2020_EXPECTATION_DYNAMICS_AND,0,1,0,0,1,0,0,0,0,0,1,0,0,0
YOUNG_J_2020_FOSTERING_A_LOCAL_ENERGY,0,0,1,0,0,0,0,0,0,0,0,1,0,0
YUANA_SL_2020_A_DRAMATURGY_OF_CRITICAL,0,0,0,1,0,0,0,0,0,0,1,0,0,1
ZHANG_F_2020_LEADERS_AND_FOLLOWERS_IN,0,0,1,0,0,1,0,0,0,0,0,0,0,0
ALOMARI_MA_2021_UTILISING_LAW_IN_THE_TRAN,0,0,1,0,0,0,0,0,0,0,0,0,0,0
AMPE_K_2021_INCUMBENTS_ENABLING_ROLE,0,0,0,1,1,0,0,0,0,0,1,1,0,0
ANDERSSON_J_2021_THE_OUTCOMES_OF_DIRECTION,0,0,0,0,0,0,0,0,0,0,0,0,0,1
BOONS_F_2021_DISRUPTING_TRANSITIONS_Q,0,0,0,0,0,0,0,0,1,0,0,0,0,0
BRAAMS_RB_2021_LEGITIMIZING_TRANSFORMATI,0,0,1,0,0,0,0,0,0,0,0,0,0,0
BRUGGER_H_2021_INFLUENCE_OF_POLICY_DISCO,0,0,0,0,0,0,0,0,0,0,0,1,0,0
COX_S_2021_COORDINATION_AND_LEGITIMA,0,0,0,0,0,0,0,0,0,0,0,0,0,1
DE_HAAN_F_2021_MARKET_FORMATION_IN_A_GLO,0,0,0,0,0,0,0,0,0,0,0,0,0,1
FICHTER_K_2021_DIFFUSION_OF_ENVIRONMENTA,0,0,0,0,0,1,0,0,0,0,0,0,0,0
FISCHER_K_2021_NO_LEGITIMACY_A_STUDY_OF,0,1,0,0,0,0,1,0,0,0,0,0,0,0
FJELLS_IF_2021_JUSTICE_ASPECTS_OF_FLEXIB,1,0,0,0,0,0,1,0,0,0,0,0,0,0
GUERIN_TF_2021_POLICIES_TO_MINIMISE_ENVI,0,0,0,0,0,0,0,0,1,0,0,0,0,0
HANSMEIER_H_2021_TOWARDS_METHODOLOGICAL_DI,0,0,0,0,0,0,0,0,0,0,0,0,0,0
HENRY_M_2021_THE_BATTLE_OF_THE_BUZZWOR,0,0,0,0,0,1,0,0,0,0,0,1,0,0
HEYEN_DA_2021_SPILLOVERS_BETWEEN_POLICY,0,0,1,0,0,0,0,0,0,0,0,1,0,0
KIVIMAA_P_2021_MOVING_BEYOND_DISRUPTIVE,0,0,0,0,0,0,0,0,0,0,0,0,0,0
KUNGL_G_2021_SUSTAINABILITY_TRANSITION,0,0,0,0,0,0,0,0,0,0,0,0,1,0
LANTZ_TL_2021_UNDERSTANDING_THE_CORRELA,0,0,0,0,0,0,0,1,0,0,0,0,0,0
MAH_DNY_2021_TRUST_GAPS_IN_ENERGY_TRAN,1,0,1,0,0,0,0,0,0,1,0,1,0,0
MARTISKAINEN_M_2021_USER_INNOVATION_NICHE_CO,1,1,0,0,1,0,0,0,0,0,1,0,0,0
MORI_A_2021_HOW_DO_INCUMBENT_COMPANIE,0,0,0,1,1,1,0,0,0,0,1,0,0,0
MLLER_DK_2021_THE_SPACE_THE_TIME_AND,0,0,0,0,0,0,0,0,0,1,0,0,0,0
PICHLER_M_2021_EU_INDUSTRIAL_POLICY_BET,0,0,1,0,0,0,0,0,0,0,0,1,0,0
POURI_MJ_2021_THE_DIGITAL_SHARING_ECONO,0,0,0,0,0,0,0,0,1,0,0,0,0,0
RAVEN_R_2021_HOUSEHOLDS_IN_SUSTAINABIL,1,0,0,0,0,0,0,0,0,1,1,0,0,0
RUGGIERO_S_2021_BUSINESS_MODEL_INNOVATION,0,1,0,0,1,1,0,0,0,0,0,0,0,0
SARASINI_S_2021_BUSINESS_MODEL_INNOVATION,1,0,0,0,0,1,0,0,0,0,0,0,0,0
SUSUR_E_2021_A_REFLEXIVE_PERSPECTIVE_F,0,0,0,0,0,0,0,1,0,0,1,0,0,1
TOURAIS_P_2021_A_PARTICIPATORY_SYSTEMS_M,0,0,0,0,0,0,0,0,1,0,1,0,0,0
ULMANEN_J_2021_INFLUENCES_OF_TECHNOLOGIC,0,0,0,0,0,0,0,0,0,0,0,0,0,1
VAN_POECK_K_2021_LEARNING_TO_FIND_A_WAY_OU,0,0,0,0,0,0,1,0,0,0,1,0,0,0
VASQUEZ_DELSOLAR_M_2021_SOCIAL_ENTERPRISES_TOWARD,0,0,0,1,0,0,1,0,0,0,1,0,0,0
VRAIN_E_2021_SOCIAL_NETWORKS_AND_COMMU,1,0,0,0,0,0,0,1,1,0,0,0,0,0
WATSON_A_2021_DESIGNING_LOW_CARBON_INNO,0,0,0,0,0,0,0,0,0,0,0,1,0,0
