PY;XX;AU;;year;name;;;;;;
2011;ALKEMADE_F_2011_TRANSITION_POLICY_AND_INN;"ALKEMADE F;HEKKERT MP;NEGRO SO";;2011;Alkemade et al 2011;;;;;;
;;;;2011;Azar & Sandén 2011;;;;;;
2011;BARBIER_EB_2011_TRANSACTION_COSTS_AND_THE;BARBIER EB;;2011;Barbier 2011;;;;;;
;;;;2011;Coenen 2011 ;;;;;;
2011;FISCHER_KOWALSKI_M_2011_ANALYZING_SUSTAINABILITY;FISCHER-KOWALSKI M;;2011;Fischer-Kowalski 2011;;;;;;
2011;GEELS_FW_2011_THE_MULTI_LEVEL_PERSPECTI;GEELS FW;;2011;Geels 2011 (1);;;;;;
;;;;2011;Geels 2011 (2);;;;;;
2011;GRIN_J_2011_ON_PATTERNS_AND_AGENCY_IN;"GRIN J;ROTMANS J;SCHOT J";;2011;Grin et al 2011;;;;;;
2011;GUY_S_2011_DESIGNING_FLUID_FUTURES;GUY S;;2011;Guy 2011;;;;;;
2011;HOLTZ_G_2011_MODELLING_TRANSITIONS_AN;HOLTZ G;;2011;Holtz 2011;;;;;;
2011;JACKSON_T_2011_PRODUCTIVITY_AND_WORK_IN;"JACKSON T;VICTOR P";;2011;Jackson & Victor 2011;;;;;;
2011;JACOBSSON_S_2011_INNOVATION_SYSTEM_ANALYSE;"JACOBSSON S;BERGEK A";;2011;Jacobsson & Bergek 2011;;;;;;
2011;JERNECK_A_2011_BREAKING_OUT_OF_SUSTAINAB;"JERNECK A;OLSSON L";;2011;Jerneck & Olsson 2011;;;;;;
2011;JUPESTA_J_2011_MANAGING_THE_TRANSITION_T;"JUPESTA J;BOER R;PARAYIL G;HARAYAMA Y;YARIME M;PUPPIM DE OLIVEIRA JA;SUBRAMANIAN SM";;2011;Jupesta et al 2011;;;;;;
;;;;2011;Kemp & Van Lente 2011;;;;;;
2011;LUTHEA_T_2011_EFFECTS_OF_THIRD_PARTY_IN;"LUTHEA T;SCHLPFER F";;2011;Luthea & Schläpfer 2011;;;;;;
2011;MEADOWCROFT_J_2011_ENGAGING_WITH_THE_POLITIC;MEADOWCROFT J;;2011;Meadowcroft 2011;;;;;;
;;;;2011;Ménard 2011;;;;;;
2011;RIETVELD_P_2011_TELEWORK_AND_THE_TRANSITI;RIETVELD P;;2011;Rietveld 2011;;;;;;
2011;ROSE_A_2011_RESILIENCE_AND_SUSTAINABI;ROSE A;;2011;Rose 2011;;;;;;
2011;RUTH_M_2011_SUSTAINABLE_PROSPERITY_AN;"RUTH M;KALNAY E;ZENG N;FRANKLIN RS;RIVAS J;MIRALLES-WILHELM F";;2011;Ruth et al 2011;;;;;;
2011;STIRLING_A_2011_PLURALISING_PROGRESS_FRO;STIRLING A;;2011;Stirling 2011;;;;;;
2011;TAINTER_JA_2011_ENERGY_COMPLEXITY_AND_S;TAINTER JA;;2011;Tainter 2011;;;;;;
2011;VAN_DEN_BERGH_JCJM_2011_ENVIRONMENTAL_INNOVATION;"VAN DEN BERGH JCJM;TRUFFER B;KALLIS G";;2011;Van Den Bergh et al 2011;;;;;;
2011;VAN_DER_PLOEG_F_2011_MACROECONOMICS_OF_SUSTAIN;VAN DER PLOEG F;;2011;Van Der Ploeg 2011;;;;;;
2011;WITT_U_2011_THE_DYNAMICS_OF_CONSUMER;WITT U;;2011;Witt 2011;;;;;;
2012;ASHFORD_NA_2012_THE_CRISIS_IN_EMPLOYMENT;"ASHFORD NA;HALL RP;ASHFORD RH";;2012;Ashford et al 2012;;;;;;
2012;BROTO_VC_2012_SOCIAL_HOUSING_AND_LOW_CA;BROTO VC;;2012;Broto 2012;;;;;;
2012;DAIM_TU_2012_EVALUATION_OF_ENERGY_STOR;"DAIM TU;LI X;KIM J;SIMMS S";;2012;Daim et al 2012;;;;;;
2012;ELZEN_B_2012_ANCHORING_OF_INNOVATIONS;"ELZEN B;VAN MIERLO B;LEEUWIS C";;2012;Elzen et al 2012;;;;;;
2012;FRENKEN_K_2012_BRANCHING_INNOVATION_REC;"FRENKEN K;IZQUIERDO LR;ZEPPINI P";;2012;Frenken et al 2012;;;;;;
2012;HAWKEY_DJC_2012_DISTRICT_HEATING_IN_THE_U;HAWKEY DJC;;2012;Hawkey 2012;;;;;;
2012;JACOBSSON_R_2012_THE_EMERGING_FUNDING_GAP;"JACOBSSON R;JACOBSSON S";;2012;Jacobsson & Jacobsson 2012;;;;;;
2012;JENSEN_JS_2012_FRAMING_OF_REGIMES_AND_TR;JENSEN JS;;2012;Jensen 2012;;;;;;
2012;JOHANSSON_N_2012_TRANSFORMING_DUMPS_INTO_G;"JOHANSSON N;KROOK J;EKLUND M";;2012;Johansson et al 2012;;;;;;
2012;KARLTORP_K_2012_EXPLAINING_REGIME_DESTABI;"KARLTORP K;SANDN BA";;2012;Karltorp & Sandén 2012;;;;;;
2012;KHLER_J_2012_A_COMPARISON_OF_THE_NEO_S;KHLER J;;2012;Köhler 2012;;;;;;
2012;NSS_P_2012_SUSTAINABLE_URBAN_DEVELOP;"NSS P;VOGEL N";;2012;Nææss & Vogel 2012;;;;;;
2012;NASTAR_M_2012_TRANSITION_IN_SOUTH_AFRIC;"NASTAR M;RAMASAR V";;2012;Nastar & Ramasar 2012;;;;;;
2012;NILSSON_M_2012_HOW_DO_WE_GOVERN_SUSTAINA;"NILSSON M;HILLMAN K;MAGNUSSON T";;2012;Nilsson et al 2012;;;;;;
2011;PAPACHRISTOS_G_2011_A_SYSTEM_DYNAMICS_MODEL_O;PAPACHRISTOS G;;2012;Papachristos 2011;;;;;;
2012;RAVENA_R_2012_SPACE_AND_SCALE_IN_SOCIO;"RAVENA R;SCHOTA J;BERKHOUTB F";;2012;Ravena et al 2012;;;;;;
2012;SCHMIDT_TS_2012_THE_EFFECTS_OF_CLIMATE_PO;"SCHMIDT TS;SCHNEIDER M;ROGGE KS;SCHUETZ MJA;HOFFMANN VH";;2012;Schmidt et al 2012;;;;;;
2012;SCHNEIDEWIND_U_2012_ANALYZING_A_TRANSITION_TO;"SCHNEIDEWIND U;AUGENSTEIN K";;2012;Schneidewind & Augenstein 2012;;;;;;
2012;SIERZCHULA_W_2012_THE_COMPETITIVE_ENVIRONME;"SIERZCHULA W;BAKKER S;MAAT K;VAN WEE B";;2012;Sierzchula et al 2012;;;;;;
;;;;2012;Van Den Bergh 2012 ;;;;;;
2012;VAN_DER_VOOREN_A_2012_EFFECTIVE_PUBLIC_RESOURCE;"VAN DER VOOREN A;ALKEMADE F;HEKKERT MP";;2012;Van Der Vooren et al 2012;;;;;;
2012;XIA_C_2012_UNDERSTANDING_THE_DEVELOP;"XIA C;PAHL-WOSTL C";;2012;Xia & Pahl-Wostl 2012;;;;;;
2013;ANTAL_M_2013_MACROECONOMICS_FINANCIAL;"ANTAL M;VAN DEN BERGH JCJM";;2013;Antal & Van Den Bergh 2013;;;;;;
;;;;2013;Ayres et al 2013;;;;;;
;;;;2013;Campbell 2013;;;;;;
2013;CASTEN_TR_2013_A_THEORY_OF_OSSIFICATION;CASTEN TR;;2013;Casten 2013;;;;;;
2013;CHAPPIN_EJL_2013_AN_AGENT_BASED_MODEL_OF_T;"CHAPPIN EJL;AFMAN MR";;2013;Chappin & Afman 2013;;;;;;
2013;DIAZ_M_2013_GREEN_TIDES_IN_BRITTANY;"DIAZ M;DARNHOFER I;DARROT C;BEURET JE";;2013;Diaz et al 2013;;;;;;
2013;FOXON_TJ_2013_RESPONDING_TO_THE_FINANCI;FOXON TJ;;2013;Foxon 2013 ;;;;;;
2013;GEELS_FW_2013_THE_IMPACT_OF_THE_FINANCI;GEELS FW;;2013;Geels 2013;;;;;;
2013;HANSEN_UE_2013_TRANSNATIONAL_LINKAGES_AN;"HANSEN UE;NYGAARD I";;2013;Hansen & Nygaard 2013;;;;;;
2013;HORNE_JP_2013_CLIMATE_CHANGE_AND_ECONOM;HORNE JP;;2013;Horne 2013;;;;;;
;;;;2013;Jack 2013;;;;;;
2013;KRONSELL_A_2013_GENDER_AND_TRANSITION_IN;KRONSELL A;;2013;Kronsell 2013;;;;;;
;;;;2013;Kümmel 2013;;;;;;
2013;LAITNER_JA_2013_AN_OVERVIEW_OF_THE_ENERGY;LAITNER JA;;2013;Laitner 2013;;;;;;
2013;LOORBACH_DA_2013_EXPLORING_THE_ECONOMIC_CR;"LOORBACH DA;LIJNIS HUFFENREUTER R";;2013;Loorbach & Lijnis Huffenreuter 2013;;;;;;
2013;O_RIORDAN_T_2013_SUSTAINABILITY_FOR_WELLBE;O'RIORDAN T;;2013;O'Riordan 2013;;;;;;
2013;PAPACHRISTOS_G_2013_SYSTEM_INTERACTIONS_IN_SO;"PAPACHRISTOS G;SOFIANOS A;ADAMIDES E";;2013;Papachristos et al 2013;;;;;;
2013;PEREZ_C_2013_UNLEASHING_A_GOLDEN_AGE_A;PEREZ C;;2013;Perez 2013;;;;;;
2013;SCHULTE_UG_2013_NEW_BUSINESS_MODELS_FOR_A;SCHULTE UG;;2013;Schulte 2013;;;;;;
2013;SDERHOLM_K_2013_GOVERNING_SOCIO_TECHNICAL;SDERHOLM K;;2013;Söderholm 2013;;;;;;
2013;SOPHA_BM_2013_ADOPTION_AND_DIFFUSION_OF;"SOPHA BM;KLCKNER CA;HERTWICH EG";;2013;Sopha et al 2013;;;;;;
2013;SWILLING_M_2013_ECONOMIC_CRISIS_LONG_WAV;SWILLING M;;2013;Swilling 2013;;;;;;
2013;VAN_DEN_BERGH_JCJM_2013_ECONOMIC_FINANCIAL_CRISIS;VAN DEN BERGH JCJM;;2013;Van Den Bergh 2013;;?;;;;
2013;VAN_DEN_BERGH_JCJM_2013_ROBERT_AYRES_ECOLOGICAL;VAN DEN BERGH JCJM;;2013;Van Den Bergh 2013 (2);;?;;;;
2013;VAN_DER_PLOEG_R_2013_GREEN_GROWTH_GREEN_PARAD;"VAN DER PLOEG R;WITHAGEN C";;2013;Van Der Ploeg & Withagen 2013;;;;;;
2013;VERGRAGT_PJ_2013_A_POSSIBLE_WAY_OUT_OF_THE;VERGRAGT PJ;;2013;Vergragt 2013 ;;;;;;
2013;VON_WEISZCKER_EU_2013_BOOSTING_RESOURCE_PRODUCT;"VON WEISZCKER EU;AYRES RU";;2013;Von Weiszäcker & Ayres 2013;;;;;;
2013;WIRTH_S_2013_INFORMAL_INSTITUTIONS_MAT;"WIRTH S;MARKARD J;TRUFFER B;ROHRACHER H";;2013;Wirth et al 2013;;;;;;
2013;WISEMAN_J_2013_POST_CARBON_PATHWAYS_A_M;"WISEMAN J;EDWARDS T;LUCKINS K";;2013;Wiseman et al 2013;;;;;;
;;;;2013;Witt 2013;;;;;;
2014;ANDERSEN_AD_2014_NO_TRANSITION_WITHOUT_TRA;ANDERSEN AD;;2014;Andersen 2014;;;;;;
;;;;2014;Andersson 2014;;;;;;
2014;ARAPOSTATHIS_S_2014_UK_NATURAL_GAS_SYSTEM_INT;"ARAPOSTATHIS S;PEARSON PJG;FOXON TJ";;2014;Arapostathis et al. 2014;;;;;;
2014;AUDET_R_2014_THE_DOUBLE_HERMENEUTIC_OF;AUDET R;;2014;Audet 2014;;;;;;
2014;BAKKER_S_2014_ACTOR_RATIONALES_IN_SUSTA;BAKKER S;;2014;Bakker 2014;;;;;;
2014;BOSMAN_R_2014_DISCURSIVE_REGIME_DYNAMIC;"BOSMAN R;LOORBACH D;FRANTZESKAKI N;PISTORIUS T";;2014;Bosman et al. 2014;;;;;;
2014;COOK_M_2014_FLUID_TRANSITIONS_TO_MORE;COOK M;;2014;Cook 2014;;;;;;
2014;FORREST_N_2014_LEARNING_FROM_SUCCESS_T;"FORREST N;WIEK A";;2014;Forrest & Wiek 2014;;;;;;
2014;HESS_DJ_2014_RENEWABLE_ELECTRICITY_POL;"HESS DJ;MAI QD";;2014;Hess & Mai 2014;;;;;;
2014;HORBACH_J_2014_DO_LEAD_MARKETS_FOR_CLEAN;"HORBACH J;CHEN Q;RENNINGS K;VGELE S";;2014;Horbach et al. 2014;;;;;;
2014;HUTTUNEN_S_2014_THE_NEED_FOR_POLICY_COHER;"HUTTUNEN S;KIVIMAA P;VIRKAMKI V";;2014;Huttunen et al. 2014;;;;;;
2014;JOHNSON_FX_2014_PIONEER_COUNTRIES_IN_THE;"JOHNSON FX;SILVEIRA S";;2014;Johnson & Silveira 2014;;;;;;
2014;KHLER_J_2014_LEAD_MARKETS_IN_2ND_GENER;"KHLER J;WALZ R;MARSCHEDER-WEIDEMANN F;THEDIECK B";;2014;Köhler  et al. 2014;;;;;;
2014;LALAND_KN_2014_NICHE_CONSTRUCTION_INNOV;"LALAND KN;BOOGERT N;EVANS C";;2014;Laland et al. 2014;;;;;;
2014;MOORE_T_2014_ZERO_EMISSION_HOUSING_PO;"MOORE T;HORNE R;MORRISSEY J";;2014;Moore et al. 2014;;;;;;
2014;PAPACHRISTOS_G_2014_TRANSITION_INERTIA_DUE_TO;PAPACHRISTOS G;;2014;Papachristos 2014;;;;;;
2014;PEUCKERT_J_2014_WHAT_SHAPES_THE_IMPACT_OF;PEUCKERT J;;2014;Peuckert 2014;;;;;;
2014;QUITZOW_R_2014_THE_CONCEPT_OF_LEAD_MARK;"QUITZOW R;WALZ R;KHLER J;RENNINGS K";;2014;Quitzow et al. 2014;;;;;;
2014;RENNINGS_K_2014_INTRODUCTION_GLOBAL_DIFF;RENNINGS K;;2014;Rennings 2014;;;;;;
2014;SARASINI_S_2014_ELECTRIFYING_THE_AUTOMOTI;SARASINI S;;2014;Sarasini 2014;;;;;;
2014;SCHOR_JB_2014_CLIMATE_DISCOURSE_AND_ECO;SCHOR JB;;2014;Schor 2014;;;;;;
2014;SEYFANG_G_2014_A_GRASSROOTS_SUSTAINABLE;"SEYFANG G;HIELSCHER S;HARGREAVES T;MARTISKAINEN M;SMITH A";;2014;Seyfang et al. 2014;;;;;;
2014;TIMMERMANS_J_2014_POLICY_ENTREPRENEURS_IN_S;"TIMMERMANS J;VAN DER HEIDEN S;BORN MP";;2014;Timmermans et al. 2014;;;;;;
;;;;2014;Van Den Bergh 2014;;;;;;
2014;WALZ_R_2014_USING_LEAD_MARKET_FACTORS;"WALZ R;KHLER J";;2014;Walz & Köhler 2014;;;;2015;M_H_2015_THE_SUN_ALSO_RISES_IN_NOR;M H
2014;ZEPPINI_P_2014_THRESHOLDS_MODELS_OF_TECH;"ZEPPINI P;FRENKEN K;KUPERS R";;2014;Zeppini et al. 2014;;;;2015;MAZUR_C_2015_UNDERSTANDING_THE_DRIVERS;"MAZUR C;CONTESTABILE M;OFFER GJ;BRANDON NP"
;;;;2015;Alkemadeet al. 2015;;;;;;
;;;;2015;Åm 2015;;;;;;
2015;AUGENSTEIN_K_2015_ANALYSING_THE_POTENTIAL_F;AUGENSTEIN K;;2015;Augenstein 2015;;;;;;
2015;BENING_CR_2015_THE_NEED_TO_INCREASE_THE;"BENING CR;BLUM NU;SCHMIDT TS";;2015;Bening et al. 2015;;;;;;
2015;BENTO_N_2015_SPATIAL_DIFFUSION_AND_THE;"BENTO N;FONTES M";;2015;Bento & Fontes 2015;;;;;;
2015;BERGEK_A_2015_TECHNOLOGICAL_INNOVATION;"BERGEK A;HEKKERT M;JACOBSSON S;MARKARD J;SANDN B;TRUFFER B";;2015;Bergek et al. 2015;;;;;;
2015;BOLTON_R_2015_A_SOCIO_TECHNICAL_PERSPEC;"BOLTON R;FOXON TJ";;2015;Bolton &, Foxon 2015;;;;;;
2015;BORK_S_2015_HOW_ACTORS_CAN_INFLUENCE;"BORK S;SCHOORMANS JPL;SILVESTER S;JOORE P";;2015;Bork et al. 2015;;;;;;
2015;BOS_JJ_2015_BUILDING_NETWORKS_AND_COA;"BOS JJ;BROWN RR;FARRELLY MA";;2015;Bos et al. 2015;;;;;;
2015;BUDDE_B_2015_ON_THE_RELATION_BETWEEN_C;"BUDDE B;ALKEMADE F;HEKKERT M";;2015;Budde et al. 2015;;;;;;
2015;COENEN_L_2015_ENGAGING_WITH_CHANGING_SP;COENEN L;;2015;Coenen 2015;;;;;;
2015;COHEN_N_2015_TRANSITIONING_THE_FOOD_SY;"COHEN N;ILIEVA RT";;2015;Cohen & Ilieva 2015;;;;;;
;;;;2015;De Haan et al. 2015;;;;;;
2015;DE_WILDT_LIESVELD_R_2015_GOVERNANCE_STRATEGIES_TO;"DE WILDT-LIESVELD R;BUNDERS JFG;REGEER BJ";;2015;De Wildt-Liesveld et al. 2015;;;;;;
2015;DEWALD_U_2015_TRAJECTORIES_OF_SUSTAINAB;"DEWALD U;FROMHOLD-EISEBITH M";;2015;Dewald & Fromhold-Eisebith 2015;;;;;;
2015;DOMNECH_L_2015_LEARNING_PROCESSES_DURING;"DOMNECH L;MARCH H;VALLS M;SAUR D";;2015;Domènech et al. 2015;;;;;;
2015;FORREST_N_2015_SUCCESS_FACTORS_AND_STRAT;"FORREST N;WIEK A";;2015;Forrest &  Wiek 2015;;;;;;
2015;GARCA_OLIVARES_A_2015_SUBSTITUTING_SILVER_IN_SO;GARCA-OLIVARES A;;2015;García-Olivares 2015.;;;;;;
2015;GIORDANO_T_2015_INTEGRATING_INDUSTRIAL_PO;GIORDANO T;;2015;Giordano 2015;;;;;;
2015;HALBE_J_2015_LESSONS_FOR_MODEL_USE_IN;"HALBE J;REUSSER DE;HOLTZ G;HAASNOOT M;STOSIUS A;AVENHAUS W;KWAKKEL JH";;2015;Halbe et al. 2015;;;;;;
2015;HALEY_B_2015_LOW_CARBON_INNOVATION_FRO;HALEY B;;2015;Haley 2015;;;;;;
2015;HANSEN_T_2015_THE_GEOGRAPHY_OF_SUSTAINA;"HANSEN T;COENEN L";;2015;Hansen & Coenen 2015;;;;;;
2015;HANSEN_GH_2015_OFFSHORE_OIL_AND_GAS_FIRM;"HANSEN GH;STEEN M";;2015;Hansen & Steen 2015;;;;;;
2015;HEISKANEN_E_2015_THE_LOCAL_COMMUNITY_AS_A;"HEISKANEN E;JALAS M;RINKINEN J;TAINIO P";;2015;Heiskanen et al. 2015;;;;;;
2015;HOLTZ_G_2015_PROSPECTS_OF_MODELLING_SO;"HOLTZ G;ALKEMADE F;DE HAAN F;KHLER J;TRUTNEVYTE E;LUTHE T;HALBE J;PAPACHRISTOS G;CHAPPIN E;KWAKKEL J;RUUTU S";;2015;Holtz et al. 2015;;;;;;
2015;JHAGROE_S_2015_SEE_NO_EVIL_HEAR_NO_EVIL;"JHAGROE S;LOORBACH D";;2015;Jhagroe &, Loorbach 2015;;;;;;
2015;KERN_F_2015_ENGAGING_WITH_THE_POLITIC;KERN F;;2015;Kern 2015;;;;;;
2015;KLITKOU_A_2015_THE_ROLE_OF_LOCK_IN_MECHA;"KLITKOU A;BOLWIG S;HANSEN T;WESSBERG N";;2015;Klitkou et al. 2015;;;;;;
2015;LIEBERHERR_E_2015_THE_IMPACT_OF_PRIVATIZATI;"LIEBERHERR E;TRUFFER B";;2015;Lieberherr & Truffer 2015;;;;;;
2015;LONGHURST_N_2015_TOWARDS_AN_ALTERNATIVE;LONGHURST N;;2015;Longhurst 2015;;;;;;
2015;MARKARD_J_2015_THE_TECHNOLOGICAL_INNOVAT;"MARKARD J;HEKKERT M;JACOBSSON S";;2015;Markard et al. 2015;;;;;;
2015;MARQUARDT_J_2015_HOW_TRANSITION_MANAGEMENT;MARQUARDT J;;2015;Marquardt 2015;;;;;;
2015;MAZUR_C_2015_ASSESSING_AND_COMPARING_G;"MAZUR C;CONTESTABILE M;OFFER GJ;BRANDON NP";;2015;Mazur et al. 2015;;;;;;
2015;MURPHY_JT_2015_HUMAN_GEOGRAPHY_AND_SOCIO;MURPHY JT;;2015;Murphy 2015;;;;;;
2015;NAYAK_BP_2015_TRUST_AND_COOPERATION_AMO;"NAYAK BP;WERTHMANN C;AGGARWAL V";;2015;Nayak et al. 2015;;;;;;
2015;NORMANN_HE_2015_THE_ROLE_OF_POLITICS_IN_S;NORMANN HE;;2015;Normann 2015;;;;;;
2015;NYKVIST_B_2015_THE_EV_PARADOX_A_MULTIL;"NYKVIST B;NILSSON M";;2015;Nykvist & Nilsson 2015;;;;;;
2015;PALM_A_2015_AN_EMERGING_INNOVATION_SY;PALM A;;2015;Palm 2015;;;;;;
2015;QUITZOW_R_2015_DYNAMICS_OF_A_POLICY_DRIV;QUITZOW R;;2015;Quitzow 2015;;;;;;
2015;ROGERS_BC_2015_ANALYSIS_OF_INSTITUTIONAL;"ROGERS BC;BROWN RR;DE HAAN FJ;DELETIC A";;2015;Rogers et al. 2015;;;;;;
2015;SENGERS_F_2015_TOWARD_A_SPATIAL_PERSPECT;"SENGERS F;RAVEN R";;2015;Sengers & Raven 2015;;;;;;
;;;;2015;Truffer 2015;;;;;;
2015;TRUFFER_B_2015_THE_GEOGRAPHY_OF_SUSTAINA;"TRUFFER B;MURPHY JT;RAVEN R";;2015;Truffer et al. 2015;;;;;;
2015;UPHAM_P_2015_ADDRESSING_SOCIAL_REPRESE;"UPHAM P;LIS A;RIESCH H;STANKIEWICZ P";;2015;Upham et al. 2015;;;;;;
2015;VAN_DER_VOOREN_A_2015_EVALUATING_CO2_REDUCTION;"VAN DER VOOREN A;BROUILLAT E";;2015;Van Der Vooren & Brouillat 2015;;;;;;
2015;VAN_HERK_S_2015_UNDERSTANDING_THE_TRANSIT;"VAN HERK S;RIJKE J;ZEVENBERGEN C;ASHLEY R";;2015;Van Herk et al. 2015;;;;;;
2015;WELLS_P_2015_FROM_FREEDOM_OF_THE_OPEN;"WELLS P;XENIAS D";;2015;Wells & Xenias 2015;;;;;;
2015;WEN_B_2015_TRANSITIONS_IN_URBAN_WATE;"WEN B;VAN DER ZOUWEN M;HORLINGS E;VAN DER MEULEN B;VAN VIERSSEN W";;2015;Wen et al. 2015;;;;;;
2015;WESSELING_JH_2015_EXPLORING_CAR_MANUFACTURE;"WESSELING JH;FARLA JCM;HEKKERT MP";;2015;Wesseling et al. 2015;;;;;;
2015;WIECZOREK_AJ_2015_BROADENING_THE_NATIONAL_F;"WIECZOREK AJ;HEKKERT MP;COENEN L;HARMSEN R";;2015;Wieczorek, Hekkert et al. 2015;;;;;;
2015;WIECZOREK_AJ_2015_TRANSNATIONAL_LINKAGES_IN;"WIECZOREK AJ;RAVEN R;BERKHOUT F";;2015;Wieczorek, Raven et al. 2015;;;;;;
2016;BENTO_N_2016_MEASURING_THE_DURATION_OF;"BENTO N;WILSON C";;2016;Bento & Wilson 2016;;;;;;
2016;BERNARDO_G_2016_SYSTEMS_DYNAMIC_ANALYSIS;"BERNARDO G;D'ALESSANDRO S";;2016;Bernardo & Alessandro 2016;;;;;;
2016;BOCKEN_NMP_2016_TOWARDS_A_SUFFICIENCY_DRI;"BOCKEN NMP;SHORT SW";;2016;Bocken & Short 2016;;;;;;
2016;BOHNSACK_R_2016_THE_INSTITUTIONAL_EVOLUTI;"BOHNSACK R;PINKSE J;WAELPOEL A";;2016;Bohnsack et al. 2016;;;;;;
2016;BOON_WPC_2016_LEARNING_TO_SHIELD_POLI;"BOON WPC;BAKKER S";;2016;Boon & Bakker 2016;;;;;;
2016;CAVICCHI_B_2016_SUSTAINABILITY_THAT_BACKF;CAVICCHI B;;2016;Cavicchi 2016;;;;;;
2016;DE_VRIES_GW_2016_USER_LED_INNOVATION_IN_CI;"DE VRIES GW;BOON WPC;PEINE A";;2016;De Vries et al. 2016;;;;;;
2016;DEWALD_U_2016_WHY_DID_MORE_SUSTAINABLE;"DEWALD U;ACHTERNBOSCH M";;2016;Dewald & Achternbosch 2016;;;;;;
2016;FALLER_F_2016_A_PRACTICE_APPROACH_TO_ST;FALLER F;;2016;Faller 2016;;;;;;
2016;FERGUSON_P_2016_PRODUCTIVITY_GROWTH_AS_A;FERGUSON P;;2016;Ferguson 2016;;;;;;
2016;FONTES_M_2016_THE_SPATIAL_DYNAMICS_OF_N;"FONTES M;SOUSA C;FERREIRA J";;2016;Fontes et al. 2016;;;;;;
2016;FRANCESCHINI_S_2016_NON_DISRUPTIVE_REGIME_CHA;"FRANCESCHINI S;ALKEMADE F";;2016;Franceschini &, Alkemade 2016;;;;;;
2016;FUDGE_S_2016_LOCAL_AUTHORITIES_AS_NICH;"FUDGE S;PETERS M;WOODMAN B";;2016;Fudge et al. 2016;;;;;;
2016;HESS_DJ_2016_THE_POLITICS_OF_NICHE_REG;HESS DJ;;2016;Hess 2016;;;;;;
2016;HODSON_M_2016_REMAKING_THE_MATERIAL_FAB;"HODSON M;BURRAI E;BARLOW C";;2016;Hodson et al. 2016;;;;;;
2016;HOES_AC_2016_COMMUNICATING_TENSIONS_AM;"HOES AC;BEERS PJ;VAN MIERLO B";;2016;Hoes et al. 2016;;;;;;
2016;HOJNIK_J_2016_WHAT_DRIVES_ECO_INNOVATIO;"HOJNIK J;RUZZIER M";;2016;Hojnik &  Ruzzier 2016;;;;;;
2016;HORBACH_J_2016_EMPIRICAL_DETERMINANTS_OF;HORBACH J;;2016;Horbach 2016;;;;;;
2016;HUIJBEN_JCCM_2016_MAINSTREAMING_SOLAR_STRE;"HUIJBEN JCCM;VERBONG GPJ;PODOYNITSYNA KS";;2016;Huijben  et al. 2016;;;;;;
2016;JOHNSON_VCA_2016_ALTERNATIVE_LIQUID_FUELS;"JOHNSON VCA;SHERRY-BRENNAN F;PEARSON PJG";;2016;Johnson et al. 2016;;;;;;
2016;KARLTORP_K_2016_CHALLENGES_IN_MOBILISING;KARLTORP K;;2016;Karltorp 2016;;;;;;
2016;KNOBLOCH_F_2016_THE_BEHAVIOURAL_ASPECT_OF;"KNOBLOCH F;MERCURE JF";;2016;Knobloch & Mercure 2016;;;;;;
2016;KOSTAKIS_V_2016_TOWARDS_A_POLITICAL_ECOLO;"KOSTAKIS V;ROOS A;BAUWENS M";;2016;Kostakis 2016;;;;;;
2016;KUOKKANEN_A_2016_NOT_ONLY_PEASANTS_ISSUE;"KUOKKANEN A;MIKKIL M;KAHILUOTO H;KUISMA M;LINNANEN L";;2016;Kuokkanen et al. 2016;;;;;;
2016;LAUBER_V_2016_THE_POLITICS_AND_ECONOMIC;"LAUBER V;JACOBSSON S";;2016;Lauber & Jacobsson 2016;;;;;;
2016;LOCKWOOD_M_2016_CREATING_PROTECTIVE_SPACE;LOCKWOOD M;;2016;Lockwood 2016;;;;;;
2016;MANIVANNAN_SV_2016_ENVIRONMENTAL_AND_HEALTH;MANIVANNAN SV;;2016;Manivannan 2016;;;;;;
2016;MARKARD_J_2016_SOCIO_TECHNICAL_TRANSITIO;"MARKARD J;SUTER M;INGOLD K";;2016;Markard et al. 2016;;;;;;
2016;MCDOWALL_W_2016_ARE_SCENARIOS_OF_HYDROGEN;MCDOWALL W;;2016;McDowall 2016;;;;;;
2016;MORONE_P_2016_UNPACKING_LANDSCAPE_PRESS;"MORONE P;LOPOLITO A;ANGUILANO D;SICA E;TARTIU VE";;2016;Morone et al. 2016;;;;;;
2016;OLAZABAL_M_2016_USE_OF_FUZZY_COGNITIVE_MA;"OLAZABAL M;PASCUAL U";;2016;Olazabal et al. 2016;;;;;;
2016;RAVEN_R_2016_NICHE_CONSTRUCTION_AND_EM;"RAVEN R;KERN F;VERHEES B;SMITH A";;2016;Raven, Kern, Smith et al. 2016;;;;;;
2016;RAVEN_R_2016_THE_POLITICS_OF_INNOVATIO;"RAVEN R;KERN F;SMITH A;JACOBSSON S;VERHEES B";;2016;Raven, Kern, Verhees., et al. 2016;;;;;;
2016;REICHARDT_K_2016_HOW_THE_POLICY_MIX_IMPACT;"REICHARDT K;ROGGE K";;2016;Reichardt & Rogge 2016;;;;;;
2016;VALDERRAMA_PINEDA_AF_2016_CREATING_COPENHAGEN_S_MET;"VALDERRAMA PINEDA AF;JRGENSEN U";;2016;Valderrama & Jørgensen 2016;;;;;;
2016;WARREN_B_2016_AUSTRALIA_S_SUSTAINABLE_E;"WARREN B;CHRISTOFF P;GREEN D";;2016;Warren et al. 2016;;;;;;
2016;WESSELING_JH_2016_EXPLAINING_VARIANCE_IN_NA;WESSELING JH;;2016;Wesseling 2016;;;;;;
2016;YAN_W_2016_ASSESSING_THE_IMPACT_OF_E;"YAN W;CUI Z;LVAREZ GIL MJ";;2016;Yan et al. 2016;;;;;;
2017;AHLBORG_H_2017_TOWARDS_A_CONCEPTUALIZATI;AHLBORG H;;2017;Ahlborg 2017;;;;;;
2017;ANDERSSON_M_2017_LESSONS_FROM_A_CENTURY_OF;"ANDERSSON M;LJUNGGREN SDERMAN M;SANDN BA";;2017;Andersson et al. 2017;;;;;;
2017;ANTADZE_N_2017_MORAL_ENTREPRENEURSHIP_T;"ANTADZE N;MCGOWAN KA";;2017;Antadze & McGowan 2017;;;;;;
2017;AVELINO_F_2017_BEYOND_DECONSTRUCTION_A;"AVELINO F;GRIN J";;2017;Avelino & Grin 2017;;;;;;
2017;BCKER_L_2017_SHARING_FOR_PEOPLE_PLANE;"BCKER L;MEELEN T";;2017;Böcker & Meelen 2017;;;;;;
2017;DARMANI_A_2017_CHARACTERISTICS_OF_INVEST;"DARMANI A;NIESTEN EMMI;HEKKERT MP";;2017;Darmani et al. 2017;;;;;;
2017;DE_RIVERA_J_2017_A_NETNOGRAPHIC_STUDY_OF_P;"DE RIVERA J;GORDO;CASSIDY P;APESTEGUA A";;2017;de Rivera et al. 2017;;;;;;
2017;FIGENBAUM_E_2017_PERSPECTIVES_ON_NORWAY_S;FIGENBAUM E;;2017;Figenbaum 2017.;;;;;;
2017;FRENKEN_K_2017_PUTTING_THE_SHARING_ECONO;"FRENKEN K;SCHOR J";;2017;Frenken & Schor 2017;;;;;;
;;;;2017;Frenken 2017;;;;;;
2017;FRIDAHL_M_2017_AN_ASSESSMENT_OF_THE_POTE;"FRIDAHL M;JOHANSSON L";;2017;Fridahl & Johansson 2017;;;;;;
2017;GODELNIK_R_2017_MILLENNIALS_AND_THE_SHARI;GODELNIK R;;2017;Godelnik 2017;;;;;;
2017;GRUSZKA_K_2017_FRAMING_THE_COLLABORATIVE;GRUSZKA K;;2017;Gruszka 2017;;;;;;
2017;HALEY_B_2017_DESIGNING_THE_PUBLIC_SECT;HALEY B;;2017;Haley 2017;;;;;;
2017;HARTMAN_P_2017_DYNAMIC_CAPABILITIES_FOR;"HARTMAN P;GLIEDT T;WIDENER J;LORAAMM RW";;2017;Hartman et al. 2017;;;;;;
2017;HERNNDEZ_PALACIO_F_2017_A_TRANSITION_TO_A_DENSER;HERNNDEZ-PALACIO F;;2017;Hernández-Palacio 2017;;;;;;
2017;HOGARTH_JR_2017_EVOLUTIONARY_MODELS_OF_SU;HOGARTH JR;;2017;Hogarth 2017;;;;;;
2017;HUBER_A_2017_THEORISING_THE_DYNAMICS_O;HUBER A;;2017;Huber 2017;;;;;;
2017;JAIN_M_2017_ANALYZING_SECTORAL_NICHE;"JAIN M;HOPPE T;BRESSERS H";;2017;Jain et al. 2017;;;;;;
2017;KIEFT_A_2017_INTERACTIONS_BETWEEN_SYST;"KIEFT A;HARMSEN R;HEKKERT MP";;2017;Kieft et al. 2017;;;;;;
2017;LI_FGN_2017_MODELLING_ENERGY_TRANSITI;"LI FGN;STRACHAN N";;2017;Li & Strachan 2017;;;;;;
2017;LUQMANI_A_2017_FACTORS_BEHIND_SUSTAINABL;"LUQMANI A;LEACH M;JESSON D";;2017;Luqmani et al. 2017;;;;;;
2017;MAES_D_2017_AN_AGENT_BASED_MODEL_OF_F;"MAES D;PASSEL SV";;2017;Maes & Passel 2017;;;;;;
2017;MARTISKAINEN_M_2017_THE_ROLE_OF_COMMUNITY_LEA;MARTISKAINEN M;;2017;Martiskainen 2017;;;;;;
2017;MCDOWALL_W_2017_TEN_CHALLENGES_FOR_COMPUT;"MCDOWALL W;GEELS FW";;2017;McDowall & Geels 2017;;;;;;
2017;MCKEE_D_2017_NEOLIBERALISM_AND_THE_LEG;MCKEE D;;2017;McKee 2017;;;;;;
2017;NIJLAND_H_2017_MOBILITY_AND_ENVIRONMENTA;"NIJLAND H;VAN MEERKERK J";;2017;Nijland & van Meerkerk 2017;;;;;;
2017;NOAILLY_J_2017_KNOWLEDGE_SPILLOVERS_FROM;"NOAILLY J;SHESTALOVA V";;2017;Noailly & Shestalova 2017;;;;;;
2017;NYKAMP_H_2017_A_TRANSITION_TO_GREEN_BUI;NYKAMP H;;2017;Nykamp 2017;;;;;;
2017;OLKKONEN_L_2017_REDEFINING_A_STAKEHOLDER;"OLKKONEN L;KORJONEN-KUUSIPURO K;GRNBERG I";;2017;Olkkonen et al. 2017;;;;;;
2017;OSUNMUYIWA_O_2017_TRANSITIONS_IN_UNLIKELY_P;"OSUNMUYIWA O;KALFAGIANNI A";;2017;Osunmuyiwa & Kalfagianni 2017;;;;;;
2017;PATTERSON_J_2017_EXPLORING_THE_GOVERNANCE;"PATTERSON J;SCHULZ K;VERVOORT J;VAN DER HEL S;WIDERBERG O;ADLER C;HURLBERT M;ANDERTON K;SETHI M;BARAU A";;2017;Pattersonet al. 2017;;;;;;
2017;RANDELLI_F_2017_ANALYSING_THE_ROLE_OF_CON;"RANDELLI F;ROCCHI B";;2017;Randelli &  Rocchi 2017;;;;;;
2017;TONGUR_S_2017_EXPLORING_WINDOW_OF_OPPOR;"TONGUR S;ENGWALL M";;2017;Tongur & Engwall 2017;;;;;;
2017;VOYTENKO_PALGAN_Y_2017_SUSTAINABILITY_FRAMINGS_O;"VOYTENKO PALGAN Y;ZVOLSKA L;MONT O";;2017;Voytenko et al. 2017;;;;;;
2017;WINKLER_B_2017_INTEGRATED_ASSESSMENT_OF;"WINKLER B;LEMKE S;RITTER J;LEWANDOWSKI I";;2017;Winkler 2017;;;;;;
2017;WITTMAYER_JM_2017_ACTOR_ROLES_IN_TRANSITION;"WITTMAYER JM;AVELINO F;VAN STEENBERGEN F;LOORBACH D";;2017;Wittmayer et al. 2017;;;;;;
2018;BARNES_J_2018_THE_INSTITUTIONALISATION;"BARNES J;DURRANT R;KERN F;MACKERRON G";;2017;Barnes et al. 2018;;;;;;
2018;BAUER_F_2018_NARRATIVES_OF_BIOREFINERY;BAUER F;;2018;Bauer 2018;;;;;;
2018;BECKER_SL_2018_REGIME_PRESSURES_AND_ORGA;"BECKER SL;FRANKE F;GLSEL A";;2018;Becker et al. 2018;;;;;;
2018;BELMIN_R_2018_CONTRIBUTION_OF_TRANSITIO;"BELMIN R;CASABIANCA F;MEYNARD JM";;2018;Belminet al. 2018;;;;;;
2018;BINZ_C_2018_UNRELATED_DIVERSIFICATION;"BINZ C;ANADON LD";;2018;Binz & Anadon 2018;;;;;;
2018;BIRTCHNELL_T_2018_ON_THE_VERGE_OF_CHANGE_M;"BIRTCHNELL T;HARADA T;WAITT G";;2018;Birtchnell et al. 2018;;;;;;
2018;BOCKEN_NMP_2018_EXPERIMENTING_WITH_A_CIRC;"BOCKEN NMP;SCHUIT CSC;KRAAIJENHAGEN C";;2018;Bocken et al. 2018;;;;;;
2018;BGEL_PM_2018_ROLE_OF_PSYCHOLOGY_IN_SOC;"BGEL PM;UPHAM P";;2018;Bögel &  Upham 2018;;;;;;
2018;BORGHEI_BB_2018_NICHE_AGGREGATION_THROUGH;"BORGHEI BB;MAGNUSSON T";;2018;Borghei & Magnusson 2018;;;;;;
2018;BOYER_RHW_2018_INTERMEDIACY_AND_THE_DIFF;BOYER RHW;;2018;Boyer 2018;;;;;;
2018;BUSCH_J_2018_DESIGNING_INDUSTRIAL_STRA;"BUSCH J;FOXON TJ;TAYLOR PG";;2018;Busch et al. 2018;;;;;;
2018;CARROLI_L_2018_PLANNING_ROLES_IN_INFRAST;CARROLI L;;2018;Carroli 2018;;;;;;
2018;CELATA_F_2018_THE_POLICING_OF_COMMUNITY;"CELATA F;COLETTI R";;2018;Celata & Coletti 2018;;;;;;
2018;DINNIE_E_2018_THE_INFLUENCE_OF_PUBLIC_F;"DINNIE E;HOLSTEAD KL";;2018;Dinnie & Holstead 2018;;;;;;
2018;EHNERT_F_2018_URBAN_SUSTAINABILITY_TRAN;"EHNERT F;KERN F;BORGSTRM S;GORISSEN L;MASCHMEYER S;EGERMANN M";;2018;Ehnert et al. 2018;;;;;;
2018;FIRESTONE_J_2018_POWER_TRANSMISSION_WHERE;"FIRESTONE J;BATES AW;PREFER A";;2018;Firestone et al. 2018;;;;;;
2018;FRANTZESKAKI_N_2018_CO_PRODUCING_URBAN_SUSTAI;"FRANTZESKAKI N;ROK A";;2018;Frantzeskaki & Rok 2018;;;;;;
2018;GIURCA_A_2018_A_SOCIAL_NETWORK_ANALYSIS;"GIURCA A;METZ T";;2018;Giurca & Metz 2018;;;;;;
2018;HKANSSON_I_2018_THE_SOCIO_SPATIAL_POLITIC;HKANSSON I;;2018;Håkansson 2018;;;;;;
2018;HANSON_J_2018_ESTABLISHED_INDUSTRIES_AS;HANSON J;;2018;Hanson 2018;;;;;;
2018;HAUKKALA_T_2018_A_STRUGGLE_FOR_CHANGETHE;HAUKKALA T;;2018;Haukkala 2018;;;;;;
2018;HEISKANEN_E_2018_INCUMBENT_ENERGY_COMPANIE;"HEISKANEN E;APAJALAHTI EL;MATSCHOSS K;LOVIO R";;2018;Heiskanen et al. 2018;;;;;;
2018;HENFREY_T_2018_POLICY_AND_COMMUNITY_LED;"HENFREY T;PENHA-LOPES G";;2018;Henfrey & Penha-Lopes 2018;;;;;;
2018;HESS_DJ_2018_LOCAL_MATTERS_POLITICAL;"HESS DJ;MAI QD;SKAGGS R;SUDIBJO M";;2018;Hess et al. 2018;;;;;;
2018;HOBSON_K_2018_SYSTEMS_OF_PRACTICE_AND_T;"HOBSON K;LYNCH N;LILLEY D;SMALLEY G";;2018;Hobson et al. 2018;;;;;;
2018;HLSCHER_K_2018_TRANSITION_VERSUS_TRANSFO;"HLSCHER K;WITTMAYER JM;LOORBACH D";;2018;Hölscher et al. 2018;;;;;;
2018;HUANG_P_2018_INTERDEPENDENCE_BETWEEN_U;"HUANG P;CASTN BROTO V";;2018;Huang & Castán Broto 2018;;;;;;
2018;INGRAM_J_2018_AGRICULTURAL_TRANSITION;INGRAM J;;2018;Ingram 2018;;;;;;
2018;JOHNSTONE_P_2018_SUSTAINABILITY_TRANSITION;"JOHNSTONE P;NEWELL P";;2018;Johnstone & Newell 2018;;;;;;
2018;KAMPELMANN_S_2018_CURATING_COMPLEXITY_AN_A;"KAMPELMANN S;KAETHLER M;HILL AV";;2018;Kampelmann et al. 2018;;;;;;
2018;KERN_F_2018_HARNESSING_THEORIES_OF_TH;"KERN F;ROGGE KS";;2018;Kern & Rogge 2018;;;;;;
2018;KOEHRSEN_J_2018_RELIGIOUS_AGENCY_IN_SUSTA;KOEHRSEN J;;2018;Koehrsen 2018;;;;;;
2018;KUCHARSKI_JB_2018_AN_INSTITUTIONAL_ANALYSIS;"KUCHARSKI JB;UNESAKI H";;2018;Kucharski & Unesaki 2018;;;;;;
2018;KUNGL_G_2018_SEQUENCE_AND_ALIGNMENT_OF;"KUNGL G;GEELS FW";;2018;Kungl & Geels 2018;;;;;;
2018;LUKKARINEN_J_2018_AN_INTERMEDIARY_APPROACH;"LUKKARINEN J;BERG A;SALO M;TAINIO P;ALHOLA K;ANTIKAINEN R";;2018;Lukkarinen Jet al. 2018;;;;;;
2018;MARTISKAINEN_M_2018_CREATING_INNOVATIVE_ZERO;"MARTISKAINEN M;KIVIMAA P";;2018;Martiskainen & Kivimaa 2018;;;;;;
2018;MAYER_A_2018_A_JUST_TRANSITION_FOR_COA;MAYER A;;2018;Mayer 2018;;;;;;
2018;MIGNON_I_2018_A_TYPOLOGY_OF_INTERMEDIAR;"MIGNON I;KANDA W";;2018;Mignon & Kanda 2018;;;;;;
2018;MOSSBERG_J_2018_CROSSING_THE_BIOREFINERY;"MOSSBERG J;SDERHOLM P;HELLSMARK H;NORDQVIST S";;2018;Mossberg et al. 2018;;;;;;
2018;PRENDEVILLE_S_2018_CIRCULAR_CITIES_MAPPING;"PRENDEVILLE S;CHERIM E;BOCKEN N";;2018;Prendeville et al. 2018;;;;;;
2018;RAMILLER_A_2018_SCALE_LIMITS_TO_SUSTAINAB;"RAMILLER A;SCHMIDT P";;2018;Ramiller & Schmidt 2018;;;;;;
2018;RODDIS_P_2018_ECO_INNOVATION_TO_REDUCE;RODDIS P;;2018;Roddis 2018;;;;;;
2018;ROSENBLOOM_D_2018_FRAMING_LOW_CARBON_PATHWA;ROSENBLOOM D;;2018;Rosenbloom 2018;;;;;;
2018;SARASINI_S_2018_INTEGRATING_A_BUSINESS_MO;"SARASINI S;LINDER M";;2018;Sarasini & Linder 2018;;;;;;
2018;SRENSEN_KH_2018_ARTICULATIONS_OF_MUNDANE;"SRENSEN KH;LAGESEN VA;HOJEM TSM";;2018;Sørensen et al. 2018;;;;;;
2018;VAN_MOSSEL_A_2018_NAVIGATORS_THROUGH_THE_ST;"VAN MOSSEL A;VAN RIJNSOEVER FJ;HEKKERT MP";;2018;van Mossel  et al. 2018;;;;;;
2018;VAN_OERS_LM_2018_THE_CREATION_OF_LEGITIMAC;"VAN OERS LM;BOON WPC;MOORS EHM";;2018;Van Oers et al. 2018;;;;;;
2019;ANTAL_M_2019_HOW_THE_REGIME_HAMPERED_A;ANTAL M;;2018;Antal 2019;;;;;;
;;;;2019;Arapostathis & Pearson 2019;;;;;;
2019;ARAPOSTATHIS_S_2019_STEERING_THE_C_DAY_INSIG;"ARAPOSTATHIS S;LACZAY S;PEARSON PJG";;2019;Arapostathis et al. 2019;;;;;;
2019;BHAMIDIPATI_PL_2019_AGENCY_IN_TRANSITION_THE;"BHAMIDIPATI PL;ELMER HANSEN U;HASELIP J";;2019;Bhamidipati et al. 2019;;;;;;
2019;BLADH_M_2019_ORIGIN_OF_CAR_ENTHUSIASM;BLADH M;;2019;Bladh 2019;;;;;;
2019;BOLTON_R_2019_GRAND_VISIONS_AND_PRAGMAT;"BOLTON R;LAGENDIJK V;SILVAST A";;2019;Bolton et al. 2019;;;;;;
2019;BOSE_STYCZYNSKI_A_2019_PUBLIC_POLICY_STRATEGIES;"BOSE STYCZYNSKI A;HUGHES L";;2019;Bose & Hughes 2019;;;;;;
2019;CLAUSEN_J_2019_THE_DIFFUSION_OF_ENVIRONM;"CLAUSEN J;FICHTER K";;2019;Clausen & Fichter 2019;;;;;;
2019;DAI_Y_2019_POLICY_INSTRUMENT_DESIGNE;DAI Y;;2019;Dai 2019;;;;;;
2019;DUYGAN_M_2019_A_HEURISTIC_FOR_CONCEPTUA;"DUYGAN M;STAUFFACHER M;MEYLAN G";;2019;Duygan et al. 2019;;;;;;
;;;;2019;Ely et al. 2019;;;;;;
2019;FLYNN_A_2019_GOVERNANCE_OF_THE_CIRCULA;"FLYNN A;HACKING N;XIE L";;2019;Flynnet al. 2019;;;;;;
2019;FOTOPOULOS_Y_2019_BRANCHING_POINTS_AND_TRAN;"FOTOPOULOS Y;ARAPOSTATHIS S;PEARSON PJG";;2019;Fotopoulos et al. 2019;;;;;;
2019;GEALL_S_2019_AGRI_FOOD_TRANSITIONS_AND;"GEALL S;ELY A";;2019;Geall & Ely 2019;;;;;;
2019;HAAS_T_2019_COMPARING_ENERGY_TRANSITI;HAAS T;;2019;Haas 2019;;;;;;
2019;HITEVA_R_2019_GOVERNANCE_OF_INTERACTION;"HITEVA R;WATSON J";;2019;Hiteva & Watson 2019;;;;;;
2019;HUBEAU_M_2019_SHARING_IS_CARING_THE_RO;"HUBEAU M;VANDERPLANKEN K;VANDERMOERE F;ROGGE E;VAN HUYLENBROECK G;MARCHAND F";;2019;Hubeau et al. 2019;;;;;;
2019;HUXLEY_R_2019_THE_ROLE_OF_REGIME_LEVEL;"HUXLEY R;OWEN A;CHATTERTON P";;2019;Huxley et al. 2019;;;;;;
2019;IVANOV_MJ_2019_GOVERNED_BY_TENSIONS_THE;IVANOV MJ;;2019;Ivanov 2019;;;;;;
2019;KANGER_L_2019_DEEP_TRANSITIONS_THEORIZ;"KANGER L;SCHOT J";;2019;Kanger & Schot 2019;;;;;;
2019;KARSLEN_R_2019_AN_AGENT_BASED_MODEL_OF_C;"KARSLEN R;PAPACHRISTOS G;REHMATULLA N";;2019;Karslen et al. 2019;;;;;;
2019;KIVIMAA_P_2019_PASSING_THE_BATON_HOW_IN;"KIVIMAA P;HYYSALO S;BOON W;KLERKX L;MARTISKAINEN M;SCHOT J";;2019;Kivimaa et al. 2019;;;;;;
2019;KHLER_J_2019_AN_AGENDA_FOR_SUSTAINABIL;"KHLER J;GEELS FW;KERN F;MARKARD J;ONSONGO E;WIECZOREK A;ALKEMADE F;AVELINO F;BERGEK A;BOONS F;FNFSCHILLING L;HESS D;HOLTZ G;HYYSALO S;JENKINS K;KIVIMAA P;MARTISKAINEN M;MCMEEKIN A;MHLEMEIER MS;NYKVIST B;PEL B;RAVEN R;ROHRACHER H;SANDN B;SCHOT J;SOVACOOL B;TURNHEIM B;WELCH D;WELLS P";;2019;Köhler et al. 2019;;;;;;
2019;LANG_L_2019_AN_ORGANIZATIONAL_VIEW_ON;"LANG L;MOHNEN A";;2019;Lang & Mohnen 2019;;;;;;
2019;LEE_D_2019_INCUMBENT_RESISTANCE_AND;"LEE D;HESS DJ";;2019;Lee & Hess 2019;;;;;;
2019;MEELEN_T_2019_VIRTUAL_USER_COMMUNITIES;"MEELEN T;TRUFFER B;SCHWANEN T";;2019;Meelen et al. 2019;;;;;;
2019;MEIJER_LLJ_2019_ALIGN_ADAPT_OR_AMPLIFY;"MEIJER LLJ;SCHIPPER F;HUIJBEN JCCM";;2019;Meijer et al. 2019;;;;;;
2019;MOALLEMI_EA_2019_COPING_WITH_UNCERTAINTIES;"MOALLEMI EA;KHLER J";;2019;Moallemi & Köhler 2019;;;;;;
2019;MORAIS_MOURATO_J_2019_COMMUNITY_BASED_INITIATIV;"MORAIS MOURATO J;BUSSLER A";;2019;Morais & Bussler 2019;;;;;;
2019;MHLEMEIER_S_2019_DINOSAURS_IN_TRANSITION;MHLEMEIER S;;2019;Mühlemeier 2019;;;;;;
2019;MUNRO_FR_2019_RENEWABLE_ENERGY_AND_TRAN;MUNRO FR;;2019;Munro 2019;;;;;;
2019;MYLAN_J_2019_RAGE_AGAINST_THE_REGIME;"MYLAN J;MORRIS C;BEECH E;GEELS FW";;2019;Mylan et al. 2019;;;;;;
2019;NIELSEN_J_2019_CONCEPTUALISING_THE_BUILT;"NIELSEN J;FARRELLY MA";;2019;Nielsen & Farrelly 2019;;;;;;
2019;NOEL_L_2019_CONSPICUOUS_DIFFUSION_TH;"NOEL L;SOVACOOL BK;KESTER J;ZARAZUA DE RUBENS G";;2019;Noel et al. 2019;;;;;;
2019;NORMANN_HE_2019_CONDITIONS_FOR_THE_DELIBE;NORMANN HE;;2019;Normann 2019;;;;;;
2019;NUVOLARI_A_2019_UNDERSTANDING_SUCCESSIVE;NUVOLARI A;;2019;Nuvolari 2019;;;;;;
2019;PAN_M_2019_COMPARING_THE_INNOVATION;"PAN M;ZHOU Y;ZHOU DK";;2019;Pan et al. 2019;;;;;;
2019;PAPACHRISTOS_G_2019_SYSTEM_DYNAMICS_MODELLING;PAPACHRISTOS G;;2019;Papachristos 2019;;;;;;
2019;PELZER_P_2019_INSTITUTIONAL_ENTREPRENEU;"PELZER P;FRENKEN K;BOON W";;2019;Pelzer et al. 2019;;;;;;
2019;RUBIO_VARAS_MDM_2019_THE_FIRST_WORLD_WAR_AND_T;RUBIO-VARAS MDM;;2019;Rubio-Varas 2019;;;;;;
2019;SANZ_HERNNDEZ_A_2019_A_TRANSITION_TO_AN_INNOVA;"SANZ-HERNNDEZ A;SANAGUSTN-FONS MV;LPEZ-RODRGUEZ ME";;2019;Sanz-Hernández et al. 2019;;;;;;
2019;SAWULSKI_J_2019_TECHNOLOGICAL_INNOVATION;"SAWULSKI J;GACZYSKI M;ZAJDLER R";;2019;Sawulski et al. 2019;;;;;;
2019;SCHANZ_H_2019_MARKETS_AS_LEVERAGE_POINT;"SCHANZ H;FEDERER J;WILCZYNSKI M";;2019;Schanz et al. 2019;;;;;;
2019;SHEN_W_2019_ADAPTIVE_POLICY_INNOVATIO;"SHEN W;WANG Y";;2019;Shen & Wang 2019;;;;;;
2019;SOVACOOL_BK_2019_CONTESTED_VISIONS_AND_SOC;"SOVACOOL BK;KESTER J;NOEL L;DE RUBENS GZ";;2019;Sovacool, Kester et al. 2019;;;;;;
2019;SOVACOOL_BK_2019_TRANSFORMATIVE_VERSUS_CON;"SOVACOOL BK;ROGGE JC;SALETA C;MASTERSON-COX E";;2019;Sovacool, Rogge et al. 2019;;;;;;
2019;TCHALAKOV_I_2019_THE_BULGARIAN_NUCLEAR_SEC;"TCHALAKOV I;HRISTOV I";;2019;Tchalakov & Hristov 2019;;;;;;
2019;TORRENS_J_2019_SEEDBEDS_HARBOURS_AND_B;"TORRENS J;SCHOT J;RAVEN R;JOHNSTONE P";;2019;Torrens et al. 2019;;;;;;
2019;VAN_DER_VLEUTEN_E_2019_RADICAL_CHANGE_AND_DEEP_T;VAN DER VLEUTEN E;;2019;van der Vleuten 2019;;;;;;
2019;VAN_WELIE_MJ_2019_INNOVATION_CHALLENGES_OF;"VAN WELIE MJ;TRUFFER B;GEBAUER H";;2019;van Welie, Truffer, Gebauer 2019;;;;;;
2019;VAN_WELIE_MJ_2019_TOWARDS_SUSTAINABLE_URBAN;"VAN WELIE MJ;TRUFFER B;YAP XS";;2019;van Welie, Truffer, Yap 2019;;;;;;
2019;WILLIAMS_S_2019_JUSTICE_IN_ENERGY_TRANSIT;"WILLIAMS S;DOYON A";;2019;Williams & Doyon 2019;;;;;;
2019;WREFORD_A_2019_ENABLING_A_TRANSFORMATION;"WREFORD A;BAYNE K;EDWARDS P;RENWICK A";;2019;Wreford et al 2019;;;;;;
2019;ZUEV_D_2019_WHERE_IS_THE_POLITICS_E;"ZUEV D;TYFIELD D;URRY J";;2019;Zuev et al. 2019;;;;;;
2020;ANDERSEN_AD_2020_THE_ROLE_OF_INTER_SECTORA;"ANDERSEN AD;STEEN M;MKITIE T;HANSON J;THUNE TM;SOPPE B";;2019;Andersen et al. 2020;;;;;;
2020;ANTAL_M_2020_LET_S_FOCUS_MORE_ON_NEGAT;"ANTAL M;MATTIOLI G;RATTLE I";;2020;Antal et al. 2020;;;;;;
2020;ANTOSIEWICZ_M_2020_PATHWAYS_FOR_THE_TRANSITI;"ANTOSIEWICZ M;NIKAS A;SZPOR A;WITAJEWSKI-BALTVILKS J;DOUKAS H";;2020;Antosiewicz et al. 2020;;;;;;
2020;ARNING_K_2020_RISK_BENEFIT_PERCEPTIONS;"ARNING K;OFFERMANN-VAN HEEK J;STERNBERG A;BARDOW A;ZIEFLE M";;2020;Arning et al. 2020;;;;;;
2020;BACHNER_G_2020_RISK_ASSESSMENT_OF_THE_LO;"BACHNER G;WOLKINGER B;MAYER J;TUERK A;STEININGER KW";;2020;Bachner et al. 2020;;;;;;
2020;BAUKNECHT_D_2020_CHALLENGES_FOR_ELECTRICIT;"BAUKNECHT D;ANDERSEN AD;DUNNE KT";;2020;Bauknecht et al. 2020;;;;;;
2020;BERGEK_A_2020_DIFFUSION_INTERMEDIARIES;BERGEK A;;2020;Bergek 2020;;;;;;
2020;BERKA_AL_2020_EXPLAINING_INCLUSIVITY_IN;"BERKA AL;MACARTHUR JL;GONNELLI C";;2020;Berka et al. 2020;;;;;;
2020;BERTHEAU_P_2020_CHALLENGES_FOR_IMPLEMENTI;"BERTHEAU P;DIONISIO J;JTTE C;AQUINO C";;2020;Bertheau et al. 2020;;;;;;
2020;BINZ_C_2020_GEOGRAPHIES_OF_TRANSITION;"BINZ C;COENEN L;MURPHY JT;TRUFFER B";;2020;Binz et al. 2020;;;;;;
2020;BJRNVOLD_A_2020_ELICITING_POLICYMAKERS_PR;"BJRNVOLD A;LIZIN S;VAN DAEL M;ARNOLD F;VAN PASSEL S";;2020;Bjørnåvold et al. 2020;;;;;;
2020;BOON_WPC_2020_MARKET_FORMATION_IN_THE_C;"BOON WPC;EDLER J;ROBINSON DKR";;2020;Boon et al. 2020;;;;;;
2020;BRAUERS_H_2020_COMPARING_COAL_PHASE_OUT;"BRAUERS H;OEI PY;WALK P";;2020;Brauers et al. 2020;;;;;;
2020;BRISBOIS_MC_2020_SHIFTING_POLITICAL_POWER;BRISBOIS MC;;2020;Brisbois 2020;;;;;;
2020;BUSH_J_2020_THE_ROLE_OF_LOCAL_GOVERNM;BUSH J;;2020;Bush 2020;;;;;;
2020;CHLEBNA_C_2020_THE_FRAGILITY_OF_REGIONAL;"CHLEBNA C;MATTES J";;2020;Chlebna & Mattes 2020;;;;;;
2020;COLLINS_B_2020_IT_S_NOT_TALKED_ABOUT_TH;COLLINS B;;2020;Collins 2020;;;;;;
2020;DE_OLIVEIRA_LGS_2020_A_MECHANISM_BASED_EXPLANA;"DE OLIVEIRA LGS;SUBTIL LACERDA J;NEGRO SO";;2020;De Oliveira et al. 2020;;;;;;
2020;DIGNUM_M_2020_NURTURING_NATURE_EXPLORI;"DIGNUM M;DORST H;VAN SCHIE M;DASSEN T;RAVEN R";;2020;Dignum et al. 2020;;;;;;
2020;EDGE_S_2020_SHIFTING_GEARS_ON_SUSTAIN;"EDGE S;GOODFIELD J;DEAN J";;2020;Edge et al. 2020;;;;;;
2020;EDMONDSON_DL_2020_ZERO_CARBON_HOMES_IN_THE;"EDMONDSON DL;ROGGE KS;KERN F";;2020;Edmondson et al. 2020;;;;;;
2020;FELL_MJ_2020_CAPTURING_THE_DISTRIBUTIO;"FELL MJ;PYE S;HAMILTON I";;2020;Fell 2020;;;;;;
2020;FEOLA_G_2020_CAPITALISM_IN_SUSTAINABIL;FEOLA G;;2020;Feola 2020;;;;;;
2020;FRANCO_TORRES_M_2020_A_FRAMEWORK_TO_EXPLAIN_TH;"FRANCO-TORRES M;ROGERS BC;UGARELLI RM";;2020;Franco-Torres et al. 2020;;;;;;
2020;FRASER_T_2020_CLIMATE_CRISIS_AT_CITY_HA;"FRASER T;CUNNINGHAM L;BANCROFT M;HUNT A;LEE E;NASONGO A";;2020;Fraser et al. 2020;;;;;;
2020;GALEANO_GALVAN_M_2020_EXPLORING_INCUMBENTS_AGEN;"GALEANO GALVAN M;CUPPEN E;TAANMAN M";;2020;Galeano Galvan et al. 2020;;;;;;
2020;GAMACHE_G_2020_CAN_LIVING_LABS_OFFER_A_P;"GAMACHE G;ANGLADE J;FECHE R;BARATAUD F;MIGNOLET C;COQUIL X";;2020;Gamache et al. 2020;;;;;;
2020;GOMEL_D_2020_MERE_DEPLOYMENT_OF_RENEWA;"GOMEL D;ROGGE KS";;2020;Gomel & Rogge 2020;;;;;;
2020;GOSENS_J_2020_CHINA_S_POST_COVID_19_STI;"GOSENS J;JOTZO F";;2020;Gosens & Jotzo 2020;;;;;;
2020;GOSENS_J_2020_CHINA_S_ROLE_IN_THE_NEXT;"GOSENS J;BINZ C;LEMA R";;2020;Gosens et al. 2020;;;;;;
2020;GOYAL_N_2020_WHO_LEARNS_WHAT_IN_SUSTAI;"GOYAL N;HOWLETT M";;2020;Goyal & Howlett 2020;;;;;;
2020;GRANDIN_J_2020_WHAT_STICKS_EPHEMERALITY;"GRANDIN J;SAREEN S";;2020;Grandin & Sareen 2020;;;;;;
2020;HAFNER_S_2020_CLOSING_THE_GREEN_FINANCE;"HAFNER S;JONES A;ANGER-KRAAVI A;POHL J";;2020;Hafner et al. 2020;;;;;;
2020;HALBE_J_2020_PARTICIPATORY_MODELING_FO;"HALBE J;HOLTZ G;RUUTU S";;2020;Halbe et al. 2020;;;;;;
2020;HEKKERT_MP_2020_MISSION_ORIENTED_INNOVATI;"HEKKERT MP;JANSSEN MJ;WESSELING JH;NEGRO SO";;2020;Hekkert M.P. et al. 2020;;;;;;
2020;HIRT_LF_2020_A_REVIEW_OF_LINKING_MODEL;"HIRT LF;SCHELL G;SAHAKIAN M;TRUTNEVYTE E";;2020;Hirt et al. 2020;;;;;;
2020;HOOGSTRAATEN_MJ_2020_THE_STUDY_OF_INSTITUTIONA;"HOOGSTRAATEN MJ;FRENKEN K;BOON WPC";;2020;Hoogstraaten et al. 2020;;;;;;
2020;HOPKINS_D_2020_NOT_MORE_BUT_DIFFERENT_A;"HOPKINS D;KESTER J;MEELEN T;SCHWANEN T";;2020;Hopkins et al. 2020;;;;;;
2020;HTTE_K_2020_THE_ECONOMICS_OF_TRANSITI;HTTE K;;2020;Hötte 2020;;;;;;
2020;HURLBERT_M_2020_TRANSITIONING_FROM_COAL;"HURLBERT M;OSAZUWA-PETERS M;MCNUTT K;RAYNER J";;2020;Hurlbert et al. 2020;;;;;;
2020;ISAKSSON_K_2020_INSTITUTIONAL_CAPACITY_TO;"ISAKSSON K;HAGBERT P";;2020;Isaksson &, Hagbert 2020;;;;;;
2020;JULSRUD_TE_2020_MOVING_SMALL_CRAFTS_AND_S;"JULSRUD TE;DENSTADLI JM";;2020;Julsrud & Denstadli 2020;;;;;;
2020;KANDA_W_2020_CONCEPTUALISING_THE_SYSTE;"KANDA W;KUISMA M;KIVIMAA P;HJELM O";;2020;Kanda et al. 2020;;;;;;
2020;KANGER_L_2020_NEGLECTED_SYSTEMS_AND_THE;KANGER L;;2020;Kanger 2020;;;;;;
2020;KERN_F_2020_GOVERNING_THE_SECOND_DEEP;"KERN F;SHARP H;HACHMANN S";;2020;Kern et al. 2020;;;;;;
2020;KESTER_J_2020_BETWEEN_HOPE_HYPE_AND_H;"KESTER J;SOVACOOL BK;NOEL L;ZARAZUA DE RUBENS G";;2020;Kester et al. 2020;;;;;;
2020;KITZING_L_2020_AN_EVOLVING_RISK_PERSPECT;"KITZING L;FITCH-ROY O;ISLAM M;MITCHELL C";;2020;Kitzing et al. 2020;;;;;;
2020;KIVIMAA_P_2020_INTERMEDIARIES_IN_ACCELER;"KIVIMAA P;BERGEK A;MATSCHOSS K;VAN LENTE H";;2020;Kivimaa,  Bergek et al. 2020;;;;;;
2020;KIVIMAA_P_2020_INTERMEDIATING_POLICY_FOR;"KIVIMAA P;PRIMMER E;LUKKARINEN J";;2020;Kivimaa, Primmer et al. 2020;;;;;;
2020;KOLK_A_2020_THE_POTENTIAL_OF_SUSTAINA;"KOLK A;CIULLI F";;2020;Kolk & Ciulli 2020;;;;;;
2020;KORETSKY_Z_2020_TECHNOLOGY_PHASE_OUT_AS_U;"KORETSKY Z;VAN LENTE H";;2020;Koretsky & van Lente 2020;;;;;;
2020;KUCKERTZ_A_2020_ENTREPRENEURSHIP_AND_THE;"KUCKERTZ A;BERGER ESC;BRNDLE L";;2020;Kuckertz et al. 2020;;;;;;
2020;LAZAREVIC_D_2020_NICHE_POLITICS_BIOGAS_T;"LAZAREVIC D;VALVE H";;2020;Lazarevic & Valve 2020;;;;;;
2020;LEIPPRAND_A_2020_STARTING_LOW_REACHING_HI;"LEIPPRAND A;FLACHSLAND C;PAHLE M";;2020;Leipprand et al. 2020;;;;;;
2020;LENHART_S_2020_MUNICIPAL_UTILITIES_AND_E;"LENHART S;CHAN G;FORSBERG L;GRIMLEY M;WILSON E";;2020;Lenhart etal. 2020;;;;;;
;;;;2020;Lieu et al. 2020;;;;;;
2020;LIN_X_2020_INTER_NICHE_COMPETITION_O;"LIN X;SOVACOOL BK";;2020;Lin & Sovacool 2020;;;;;;
2020;LOORBACH_D_2020_TRANSFORMATIVE_INNOVATION;"LOORBACH D;WITTMAYER J;AVELINO F;VON WIRTH T;FRANTZESKAKI N";;2020;Loorbach et al. 2020;;;;;;
2020;LOSACKER_S_2020_REGIONAL_LEAD_MARKETS_FOR;"LOSACKER S;LIEFNER I";;2020;Losacker & Liefner 2020;;;;;;
2020;LOWES_R_2020_HEATING_IN_GREAT_BRITAIN;"LOWES R;WOODMAN B;SPEIRS J";;2020;Lowes et al. 2020;;;;;;
;;;;2020;Manders et al. 2020;;;;;;
2020;MATSCHOSS_K_2020_NETWORK_ANALYSIS_OF_ENERG;"MATSCHOSS K;REPO P;LUKKARINEN J";;2020;Matschoss et al. 2020;;;;;;
2020;MAYER_J_2020_QUALITATIVE_AND_QUANTITAT;"MAYER J;VAN DER GAAST W;BACHNER G;SPIJKER E";;2020;Mayer et al. 2020;;;;;;
2020;MIGNON_I_2020_WHAT_INTERESTS_DO_INTERME;"MIGNON I;EBERS BROUGHEL A";;2020;Mignon & Ebers Broughel 2020;;;;;;
2020;MOUSAVI_S_2020_CORPORATE_NGO_PARTNERSHIP;"MOUSAVI S;BOSSINK B";;2020;Mousavi & Bossink 2020;;;;;;
2020;MURTO_P_2020_CAPTURING_THE_MICRO_LEVEL;"MURTO P;HYYSALO S;JUNTUNEN JK;JALAS M";;2020;Murto et al. 2020;;;;;;
2020;NAIDOO_CP_2020_RELATING_FINANCIAL_SYSTEM;NAIDOO CP;;2020;Naidoo 2020;;;;;;
;;;;2020;Newell 2020;;;;;;
2020;NIKAS_A_2020_BARRIERS_TO_AND_CONSEQUEN;"NIKAS A;STAVRAKAS V;ARSENOPOULOS A;DOUKAS H;ANTOSIEWICZ M;WITAJEWSKI-BALTVILKS J;FLAMOS A";;2020;Nikas et al. 2020;;;;;;
2020;OSAZUWA_PETERS_M_2020_SASKATCHEWAN_S_ENERGY_FUT;"OSAZUWA-PETERS M;HURLBERT M;MCNUTT K;RAYNER J;GAMTESSA S";;2020;Osazuwa-Peters et al. 2020;;;;;;
2020;OTTOSSON_M_2020_SHAPING_SUSTAINABLE_MARKE;"OTTOSSON M;MAGNUSSON T;ANDERSSON H";;2020;Ottosson et al. 2020;;;;;;
2020;PETZER_BJMBJM_2020_CYCLING_AS_A_SERVICE_ASSE;"PETZER BJMBJM;WIECZOREK AAJ;VERBONG GGPJ";;2020;Petzer et al. 2020;;;;;;
2020;PLOLL_U_2020_A_SOCIAL_INNOVATION_PERSP;"PLOLL U;PETRITZ H;STERN T";;2020;Ploll wt al. 2020;;;;;;
2020;PRICE_OM_2020_FINDING_CONVERGENCE_ECON;"PRICE OM;VILLE S;HEFFERNAN E;GIBBONS B;JOHNSSON M";;2020;Price et al. 2020;;;;;;
2020;ROHE_S_2020_THE_REGIONAL_FACET_OF_A_G;ROHE S;;2020;Rohe 2020;;;;;;
2020;ROSENBLOOM_D_2020_ENGAGING_WITH_MULTI_SYSTE;ROSENBLOOM D;;2020;Rosenbloom 2020;;;;;;
2020;RUNHAAR_H_2020_ENDOGENOUS_REGIME_CHANGE;"RUNHAAR H;FNFSCHILLING L;VAN DEN POL-VAN DASSELAAR A;MOORS EHM;TEMMINK R;HEKKERT M";;2020;Runhaar et al. 2020;;;;;;
2020;SALONEN_H_2020_MODERNIZATION_OF_RUSSIAN;SALONEN H;;2020;Salonen 2020;;;;;;
2020;SCHERRER_A_2020_POWER_FROM_ABOVE_ASSESSI;"SCHERRER A;PLTZ P;VAN LAERHOVEN F";;2020;Scherrer et al. 2020;;;;;;
2020;SCHIPPL_J_2020_DIRECTIONALITY_OF_TRANSIT;"SCHIPPL J;TRUFFER B";;2020;Schippl & Truffer 2020;;;;;;
2020;SCHNEIDER_C_2020_RISKS_AND_OPPORTUNITIES_A;"SCHNEIDER C;LECHTENBHMER S;SAMADI S";;2020;Schneider et al. 2020;;;;;;
2020;SCHOLZ_G_2020_A_SOCIAL_LEARNING_AND_TRA;"SCHOLZ G;METHNER N";;2020;Scholz & Methner 2020;;;;;;
2020;SCHWABE_J_2020_THE_EVOLUTION_OF_COOPERAT;SCHWABE J;;2020;Schwabe 2020;;;;;;
2020;SHARMA_T_2020_A_NEW_HYBRID_APPROACH_FOR;"SHARMA T;GALLACHIR B;ROGAN F";;2020;Sharma et al. 2020;;;;;;
2020;SILAEN_M_2020_LESSONS_FROM_BALI_FOR_SMA;"SILAEN M;TAYLOR R;BNER S;ANGER-KRAAVI A;CHEWPREECHA U;BADINOTTI A;TAKAMA T";;2020;Silaen et al. 2020;;;;;;
2020;SILLAK_S_2020_GLOBAL_PRESSURES_VS_LOCA;"SILLAK S;KANGER L";;2020;Sillak & Kanger 2020;;;;;;
2020;SKJLSVOLD_TM_2020_TEMPORAL_ECHOES_AND_CROSS;"SKJLSVOLD TM;RYGHAUG M";;2020;Skjølsvold & Ryghaug 2020;;;;;;
2020;SKOCZKOWSKI_T_2020_CLIMATE_CHANGE_INDUCED_UN;"SKOCZKOWSKI T;BIELECKI S;KOCHASKI M;KORCZAK K";;2020;Skoczkowski et al. 2020;;;;;;
2020;SPIJKER_E_2020_EVALUATING_INTEGRATED_IMP;"SPIJKER E;ANGER-KRAAVI A;POLLITT H;VAN DE VEN DJ";;2020;Spijker et al. 2020;;;;;;
2020;STALMOKAIT_I_2020_DYNAMIC_CAPABILITIES_AND;"STALMOKAIT I;HASSLER B";;2020;Stalmokait? & Hassler 2020;;;;;;
2020;STILES_J_2020_STRATEGIC_NICHE_MANAGEMEN;STILES J;;2020;Stiles 2020;;;;;;
2020;SUITNER_J_2020_MAKING_ENERGY_TRANSITION;"SUITNER J;ECKER M";;2020;Suitner & Ecker 2020;;;;;;
2020;TAYLOR_R_2020_MODELLING_STAKEHOLDER_AGE;"TAYLOR R;WANJIRU H;JOHNSON OW;JOHNSON FX";;2020;Taylor et al. 2020;;;;;;
2020;TURNHEIM_B_2020_EXPLORING_THE_ROLE_OF_FAI;"TURNHEIM B;SOVACOOL BK";;2020;Turnheim & Sovacool 2020;;;;2020;TANJA_MANDERS_TN_2020_COMPLEXITY_TENSIONS_AND;"TANJA MANDERS TN;ANNA WIECZOREK AJ;GEERT VERBONG GPJ"
2020;TURNHEIM_B_2020_MAKING_SUSTAINABILITY_TRA;"TURNHEIM B;ASQUITH M;GEELS FW";;2020;Turnheim et al. 2020;;;;2020;TURNHEIM_B_2020_FOREVER_STUCK_IN_OLD_WAYS;"TURNHEIM B;SOVACOOL BK"
2020;TZIVA_M_2020_UNDERSTANDING_THE_PROTEIN;"TZIVA M;NEGRO SO;KALFAGIANNI A;HEKKERT MP";;2020;Tziva et al. 2020;;;;;;
2020;UPHAM_P_2020_THINKING_ABOUT_INDIVIDUAL;"UPHAM P;BGEL P;DTSCHKE E";;2020;Upham et al. 2020;;;;;;
2020;VALOR_C_2020_ANTICIPATED_EMOTIONS_AND;VALOR C;;2020;Valor 2020;;;;;;
2020;VAN_BOXSTAEL_A_2020_INTERMEDIATING_THE_ENERGY;"VAN BOXSTAEL A;MEIJER LLJ;HUIJBEN JCCM;ROMME AGL";;2020;Van Boxstael et al. 2020;;;;;;
2020;VAN_DEN_BERGE_M_2020_DO_EXISTING_REGIONAL_SPEC;"VAN DEN BERGE M;WETERINGS A;ALKEMADE F";;2020;van den Berge et al. 2020;;;;;;
2020;VAN_DER_JAGT_APN_2020_NATURE_BASED_INNOVATION_S;"VAN DER JAGT APN;RAVEN R;DORST H;RUNHAAR H";;2020;van der Jagt et al. 2020;;;;;;
2020;VAN_DER_LOOS_HZA_2020_INTERNATIONAL_MARKETS_AND;"VAN DER LOOS HZA;NEGRO SO;HEKKERT MP";;2020;van der Loos et al. 2020;;;;;;
2020;VAN_DOREN_D_2020_INSTITUTIONAL_WORK_IN_DIV;"VAN DOREN D;RUNHAAR H;RAVEN RPJM;GIEZEN M;DRIESSEN PPJ";;2020;van Doren et al. 2020;;;;;;
2020;VAN_LENTE_H_2020_POSITIONING_OF_SYSTEMIC_I;"VAN LENTE H;BOON WPC;KLERKX L";;2020;van Lente et al. 2020;;;;;;
2020;VAN_MIERLO_B_2020_UNDERSTANDING_AND_GOVERNI;"VAN MIERLO B;BEERS PJ";;2020;van Mierlo & Beers 2020;;;;;;
2020;VAN_POECK_K_2020_OPENING_UP_THE_BLACK_BOX;"VAN POECK K;STMAN L;BLOCK T";;2020;van Mierlo et al. 2020;;;;;;
;;;;2020;Van Poeck et al. 2020;;;;;;
2020;VAN_RIJNSOEVER_FJ_2020_A_PRACTICAL_TOOL_FOR_ANAL;"VAN RIJNSOEVER FJ;LEENDERTSE J";;2020;van Rijnsoever & Leendertse 2020;;;;;;
2020;VAN_VLIET_O_2020_THE_IMPORTANCE_OF_STAKEHO;"VAN VLIET O;HANGER-KOPP S;NIKAS A;SPIJKER E;CARLSEN H;DOUKAS H;LIEU J";;2020;van Vliet et al. 2020;;;;;;
2020;VAN_WAES_A_2020_WHY_DO_COMPANIES_INSTITUT;"VAN WAES A;FARLA J;RAVEN R";;2020;van Waes et al. 2020;;;;;;
2020;VERMUNT_DA_2020_SUSTAINABILITY_TRANSITION;"VERMUNT DA;NEGRO SO;VAN LAERHOVEN FSJ;VERWEIJ PA;HEKKERT MP";;2020;Vermunt et al. 2020;;;;;;
2020;VIHEMKI_H_2020_INTERMEDIARIES_TO_ACCELER;"VIHEMKI H;TOPPINEN A;TOIVONEN R";;2020;Vihemäki et al. 2020;;;;;;
2020;VINKE_DE_KRUIJF_J_2020_WIDER_LEARNING_OUTCOMES_O;"VINKE-DE KRUIJF J;PAHL-WOSTL C;KNIEPER C";;2020;Vinke-de Kruijf et al. 2020;;;;;;
2020;WANITSCHKE_A_2020_ARE_BATTERY_ELECTRIC_VEHI;"WANITSCHKE A;HOFFMANN S";;2020;Wanitschke & Hoffmann 2020;;;;;;
2020;WENG_W_2020_LANDSCAPE_MATTERS_INSIGH;"WENG W;BECKER SL;LDEKE MKB;LAKES T";;2020;Weng et al. 2020;;;;;;
2020;WESTSKOG_H_2020_SHARING_AMONG_NEIGHBOURS;"WESTSKOG H;AASE TH;STANDAL K;TELLEFSEN S";;2020;Westskog et al. 2020;;;;;;
2020;WILKINSON_S_2020_HISTORICAL_TRANSITIONS_OF;"WILKINSON S;DAVIDSON M;MORRISON GM";;2020;Wilkinson et al. 2020;;;;;;
2020;WILLIAMS_S_2020_THE_ENERGY_FUTURES_LAB_A;"WILLIAMS S;DOYON A";;2020;Williams & Doyon 2020;;;;;;
2020;YANG_K_2020_EXPECTATION_DYNAMICS_AND;"YANG K;HITEVA RP;SCHOT J";;2020;Yang et al. 2020;;;;;;
2020;YOUNG_J_2020_FOSTERING_A_LOCAL_ENERGY;"YOUNG J;BRANS M";;2020;Young & Brans 2020;;;;;;
2020;YUANA_SL_2020_A_DRAMATURGY_OF_CRITICAL;"YUANA SL;SENGERS F;BOON W;HAJER MA;RAVEN R";;2020;Yuana et al. 2020;;;;;;
2020;ZHANG_F_2020_LEADERS_AND_FOLLOWERS_IN;ZHANG F;;2020;Zhang 2020;;;;;;
2021;ALOMARI_MA_2021_UTILISING_LAW_IN_THE_TRAN;"ALOMARI MA;HEFFRON RJ";;2020;Alomari & Heffron 2021;;;;;;
2021;AMPE_K_2021_INCUMBENTS_ENABLING_ROLE;"AMPE K;PAREDIS E;ASVELD L;OSSEWEIJER P;BLOCK T";;2021;Ampe et al.  2021;;;;;;
2021;ANDERSSON_J_2021_THE_OUTCOMES_OF_DIRECTION;"ANDERSSON J;HELLSMARK H;SANDN B";;2021;Andersson et al. 2021;;;;;;
2021;BOONS_F_2021_DISRUPTING_TRANSITIONS_Q;"BOONS F;DOHERTY B;KHLER J;PAPACHRISTO G;WELLS P";;2021;Boons et al. 2021;;;;;;
2021;BRAAMS_RB_2021_LEGITIMIZING_TRANSFORMATI;"BRAAMS RB;WESSELING JH;MEIJER AJ;HEKKERT MP";;2021;Braamset al. 2021;;;;;;
2021;BRUGGER_H_2021_INFLUENCE_OF_POLICY_DISCO;"BRUGGER H;HENRY AD";;2021;Brugger & Henry 2021;;;;;;
2021;COX_S_2021_COORDINATION_AND_LEGITIMA;"COX S;PARKER R;O'HARA I;SINCLAIR S";;2021;Cox et al. 2021;;;;;;
2021;DE_HAAN_F_2021_MARKET_FORMATION_IN_A_GLO;"DE HAAN F;MOORS EHM;DONDORP AM;BOON WPC";;2021;de Haan et al. 2021;;;;;;
2021;FICHTER_K_2021_DIFFUSION_OF_ENVIRONMENTA;"FICHTER K;CLAUSEN J";;2021;Fichter & Clausen 2021;;;;;;
2021;FISCHER_K_2021_NO_LEGITIMACY_A_STUDY_OF;"FISCHER K;KOKKO S;MCCONVILLE J";;2021;Fischer et al. 2021;;;;;;
2021;FJELLS_IF_2021_JUSTICE_ASPECTS_OF_FLEXIB;"FJELLS IF;SILVAST A;SKJLSVOLD TM";;2021;Fjellså et al. 2021;;;;;;
2021;GUERIN_TF_2021_POLICIES_TO_MINIMISE_ENVI;GUERIN TF;;2021;Guerin 2021;;;2021;FONTES_M_2021_UNLEASHING_THE_INDUSTRIAL;"FONTES M;BENTO N;ANDERSEN AD";
2021;HANSMEIER_H_2021_TOWARDS_METHODOLOGICAL_DI;"HANSMEIER H;SCHILLER K;ROGGE KS";;2021;Hansmeier et al. 2021;;;2021;GOSENS_J_2021_WINDOWS_OF_OPPORTUNITY_FO;"GOSENS J;GILMANOVA A;LILLIESTAM J";
2021;HENRY_M_2021_THE_BATTLE_OF_THE_BUZZWOR;"HENRY M;SCHRAVEN D;BOCKEN N;FRENKEN K;HEKKERT M;KIRCHHERR J";;2021;Henry M., Schraven et al. 2021;;;2021;KHLER_J_2021_INTRODUCTION_TO_ZOOMING_I;"KHLER J;DTSCHKE E;WITTMAYER J";
2021;HEYEN_DA_2021_SPILLOVERS_BETWEEN_POLICY;"HEYEN DA;JACOB K;TEEBKEN J;WOLFF F";;2021;Heyen et al. 2021;;;2021;LFGREN_2021_BRICK_BY_BRICK_GOVERNING;"LFGREN;ROOTZN J";
2021;KIVIMAA_P_2021_MOVING_BEYOND_DISRUPTIVE;"KIVIMAA P;LAAKSO S;LONKILA A;KALJONEN M";;2021;Kivimaa et al. 2021;;;2021;LOVELL_K_2021_FRAMING_BRANCHING_POINTS;"LOVELL K;FOXON TJ";
2021;KUNGL_G_2021_SUSTAINABILITY_TRANSITION;"KUNGL G;HESS DJ";;2021;Kungl & Hess 2021;;;2021;MIRNER_J_2021_TOWARDS_A_MULTI_SCALAR_PE;"MIRNER J;BINZ C";
2021;LANTZ_TL_2021_UNDERSTANDING_THE_CORRELA;"LANTZ TL;IOPPOLO G;YIGITCANLAR T;ARBOLINO R";;2021;Lantz et al. 2021;;;;;;
2021;MAH_DNY_2021_TRUST_GAPS_IN_ENERGY_TRAN;"MAH DNY;CHEUNG DMW;LAM VWY;SIU A;SONE Y;LI KY";;2021;Mah et al. 2021;;;;;;
2021;MARTISKAINEN_M_2021_USER_INNOVATION_NICHE_CO;"MARTISKAINEN M;SCHOT J;SOVACOOL BK";;2021;Martiskainen et al. 2021;;;2021;REYNOLDS_JL_2021_EARTH_SYSTEM_INTERVENTION;REYNOLDS JL;
2021;MORI_A_2021_HOW_DO_INCUMBENT_COMPANIE;MORI A;;2021;Mori 2021;;;2021;SAVIN_I_2021_MAIN_TOPICS_IN_EIST_DURIN;"SAVIN I;VAN DEN BERGH J";
2021;MLLER_DK_2021_THE_SPACE_THE_TIME_AND;"MLLER DK;MORTON PT";;2021;Müller & Morton 2021;;;2021;SPIJKERBOER_RC_2021_UNRAVELLING_INSTITUTIONAL;"SPIJKERBOER RC;ZUIDEMA C;BUSSCHER T;ARTS J";
;;;;2021;Novalia et al. 2021;;;;;;
2021;PICHLER_M_2021_EU_INDUSTRIAL_POLICY_BET;"PICHLER M;KRENMAYR N;SCHNEIDER E;BRAND U";;2021;Pichler et al. 2021;;;2021;TAALBI_J_2021_INNOVATION_IN_THE_LONG_RU;TAALBI J;
2021;POURI_MJ_2021_THE_DIGITAL_SHARING_ECONO;"POURI MJ;HILTY LM";;2021;Pouri & Hilty 2021;;;2021;VAN_DEN_BERGH_JCJM_2021_REFLECTIONS_ON_EDITING_EI;VAN DEN BERGH JCJM;
2021;RAVEN_R_2021_HOUSEHOLDS_IN_SUSTAINABIL;"RAVEN R;REYNOLDS D;LANE R;LINDSAY J;KRONSELL A;ARUNACHALAM D";;2021;Raven et al. 2021;;;2021;VAN_OERS_L_2021_THE_POLITICS_OF_DELIBERAT;"VAN OERS L;FEOLA G;MOORS E;RUNHAAR H";
2021;RUGGIERO_S_2021_BUSINESS_MODEL_INNOVATION;"RUGGIERO S;KANGAS HL;ANNALA S;LAZAREVIC D";;2021;Ruggiero et al. 2021;;;;;;
2021;SARASINI_S_2021_BUSINESS_MODEL_INNOVATION;"SARASINI S;LANGELAND O";;2021;Sarasini & Langeland 2021;;;;;;
;;;;2021;Schmid 2021;;;;;;
2021;SUSUR_E_2021_A_REFLEXIVE_PERSPECTIVE_F;"SUSUR E;KARAKAYA E";;2021;Susur & Karakaya 2021;;;;;;
2021;TOURAIS_P_2021_A_PARTICIPATORY_SYSTEMS_M;"TOURAIS P;VIDEIRA N";;2021;Tourais & Videira 2021;;;;;;
2021;ULMANEN_J_2021_INFLUENCES_OF_TECHNOLOGIC;"ULMANEN J;BERGEK A";;2021;Ulmanen & Bergek 2021;;;;;;
2021;VAN_POECK_K_2021_LEARNING_TO_FIND_A_WAY_OU;"VAN POECK K;STMAN L";;2021;Van Poeck & Östman 2021;;;;;;
2021;VASQUEZ_DELSOLAR_M_2021_SOCIAL_ENTERPRISES_TOWARD;"VASQUEZ-DELSOLAR M;MERINO A";;2021;Vasquez-Delsolar & Merino 2021;;;;;;
2021;VRAIN_E_2021_SOCIAL_NETWORKS_AND_COMMU;"VRAIN E;WILSON C";;2021;Vrain & Wilson 2021;;;;;;
2021;WATSON_A_2021_DESIGNING_LOW_CARBON_INNO;WATSON A;;2021;Watson 2021;;;;;;