,XX,niche,policies,politics_power,sociotech_regime,business_admin,engineering_modelling,geography,mlp,political_sciences,tis
0,JACOBSSON_R_2012_THE_EMERGING_FUNDING_GAP,0.0,0.0,0.0,0.0,0.0,0.0,0.0,0.0,0.0,0.0
1,VAN_POECK_K_2021_LEARNING_TO_FIND_A_WAY_OU,0.0,0.0,0.0,0.0,0.0,0.0,0.0,1.0,0.0,0.0
2,VAN_DOREN_D_2020_INSTITUTIONAL_WORK_IN_DIV,1.0,0.0,0.0,1.0,0.0,0.0,1.0,1.0,0.0,0.0
3,ALKEMADE_F_2011_TRANSITION_POLICY_AND_INN,0.0,1.0,0.0,0.0,0.0,0.0,0.0,0.0,0.0,1.0
4,YAN_W_2016_ASSESSING_THE_IMPACT_OF_E,0.0,0.0,0.0,0.0,1.0,0.0,0.0,0.0,0.0,0.0
5,DEWALD_U_2016_WHY_DID_MORE_SUSTAINABLE,0.0,0.0,0.0,0.0,0.0,0.0,0.0,0.0,0.0,1.0
6,GIORDANO_T_2015_INTEGRATING_INDUSTRIAL_PO,0.0,1.0,0.0,0.0,0.0,0.0,0.0,0.0,0.0,0.0
7,GEELS_FW_2013_THE_IMPACT_OF_THE_FINANCI,0.0,1.0,1.0,0.0,0.0,0.0,0.0,0.0,1.0,0.0
8,VAN_HERK_S_2015_UNDERSTANDING_THE_TRANSIT,0.0,1.0,0.0,0.0,0.0,1.0,0.0,0.0,0.0,0.0
9,GARCA_OLIVARES_A_2015_SUBSTITUTING_SILVER_IN_SO,0.0,0.0,0.0,0.0,0.0,1.0,0.0,0.0,0.0,0.0
10,LI_FGN_2017_MODELLING_ENERGY_TRANSITI,0.0,0.0,0.0,0.0,0.0,1.0,0.0,0.0,0.0,0.0
11,WREFORD_A_2019_ENABLING_A_TRANSFORMATION,0.0,1.0,0.0,0.0,0.0,1.0,0.0,0.0,0.0,0.0
12,HEKKERT_MP_2020_MISSION_ORIENTED_INNOVATI,0.0,0.0,0.0,0.0,0.0,0.0,0.0,0.0,0.0,1.0
13,VINKE_DE_KRUIJF_J_2020_WIDER_LEARNING_OUTCOMES_O,0.0,0.0,0.0,0.0,1.0,1.0,0.0,0.0,0.0,0.0
14,MAZUR_C_2015_ASSESSING_AND_COMPARING_G,0.0,1.0,0.0,0.0,0.0,0.0,0.0,0.0,0.0,0.0
15,MLLER_DK_2021_THE_SPACE_THE_TIME_AND,1.0,0.0,0.0,0.0,0.0,0.0,0.0,1.0,0.0,0.0
16,VALDERRAMA_PINEDA_AF_2016_CREATING_COPENHAGEN_S_MET,0.0,0.0,1.0,0.0,0.0,0.0,0.0,0.0,0.0,0.0
17,PEUCKERT_J_2014_WHAT_SHAPES_THE_IMPACT_OF,0.0,1.0,0.0,0.0,0.0,0.0,0.0,0.0,1.0,0.0
18,DEWALD_U_2015_TRAJECTORIES_OF_SUSTAINAB,0.0,0.0,0.0,0.0,0.0,0.0,1.0,1.0,0.0,1.0
19,SCHMIDT_TS_2012_THE_EFFECTS_OF_CLIMATE_PO,0.0,1.0,0.0,0.0,1.0,0.0,0.0,0.0,0.0,1.0
20,DE_WILDT_LIESVELD_R_2015_GOVERNANCE_STRATEGIES_TO,0.0,0.0,0.0,0.0,1.0,0.0,0.0,0.0,0.0,1.0
21,DE_RIVERA_J_2017_A_NETNOGRAPHIC_STUDY_OF_P,0.0,0.0,0.0,0.0,0.0,1.0,0.0,0.0,0.0,0.0
22,COX_S_2021_COORDINATION_AND_LEGITIMA,0.0,0.0,0.0,0.0,0.0,0.0,0.0,0.0,0.0,1.0
23,AHLBORG_H_2017_TOWARDS_A_CONCEPTUALIZATI,0.0,0.0,1.0,0.0,0.0,0.0,0.0,1.0,0.0,0.0
24,MAES_D_2017_AN_AGENT_BASED_MODEL_OF_F,0.0,0.0,0.0,0.0,0.0,0.0,0.0,0.0,0.0,0.0
25,NYKVIST_B_2015_THE_EV_PARADOX_A_MULTIL,1.0,0.0,0.0,1.0,0.0,0.0,0.0,1.0,1.0,0.0
26,ARAPOSTATHIS_S_2014_UK_NATURAL_GAS_SYSTEM_INT,0.0,0.0,0.0,0.0,0.0,1.0,0.0,1.0,0.0,0.0
27,KUCKERTZ_A_2020_ENTREPRENEURSHIP_AND_THE,0.0,0.0,0.0,0.0,1.0,0.0,0.0,0.0,0.0,1.0
28,BOCKEN_NMP_2016_TOWARDS_A_SUFFICIENCY_DRI,0.0,0.0,0.0,0.0,1.0,0.0,0.0,0.0,0.0,0.0
29,JOHNSTONE_P_2018_SUSTAINABILITY_TRANSITION,0.0,0.0,0.0,0.0,0.0,0.0,0.0,0.0,0.0,0.0
30,PAPACHRISTOS_G_2013_SYSTEM_INTERACTIONS_IN_SO,0.0,0.0,0.0,1.0,0.0,0.0,0.0,1.0,0.0,1.0
31,PAPACHRISTOS_G_2014_TRANSITION_INERTIA_DUE_TO,0.0,0.0,0.0,0.0,0.0,1.0,0.0,0.0,0.0,0.0
32,ANTAL_M_2013_MACROECONOMICS_FINANCIAL,0.0,1.0,0.0,0.0,0.0,0.0,0.0,0.0,0.0,0.0
33,HENRY_M_2021_THE_BATTLE_OF_THE_BUZZWOR,0.0,0.0,0.0,0.0,1.0,0.0,0.0,0.0,0.0,0.0
34,RUGGIERO_S_2021_BUSINESS_MODEL_INNOVATION,0.0,0.0,0.0,0.0,1.0,0.0,0.0,0.0,0.0,1.0
35,MORONE_P_2016_UNPACKING_LANDSCAPE_PRESS,1.0,0.0,1.0,1.0,0.0,0.0,0.0,1.0,1.0,0.0
36,OLKKONEN_L_2017_REDEFINING_A_STAKEHOLDER,0.0,0.0,0.0,0.0,1.0,0.0,0.0,0.0,0.0,0.0
37,TONGUR_S_2017_EXPLORING_WINDOW_OF_OPPOR,1.0,0.0,0.0,0.0,1.0,0.0,0.0,0.0,0.0,1.0
38,NILSSON_M_2012_HOW_DO_WE_GOVERN_SUSTAINA,0.0,0.0,0.0,0.0,0.0,0.0,0.0,0.0,0.0,1.0
39,CHAPPIN_EJL_2013_AN_AGENT_BASED_MODEL_OF_T,0.0,0.0,0.0,0.0,0.0,1.0,0.0,0.0,0.0,0.0
40,PALM_A_2015_AN_EMERGING_INNOVATION_SY,0.0,0.0,0.0,0.0,0.0,0.0,0.0,0.0,0.0,1.0
41,HLSCHER_K_2018_TRANSITION_VERSUS_TRANSFO,0.0,0.0,1.0,0.0,0.0,0.0,0.0,1.0,0.0,0.0
42,LENHART_S_2020_MUNICIPAL_UTILITIES_AND_E,0.0,1.0,1.0,0.0,0.0,0.0,0.0,0.0,1.0,0.0
43,BOCKEN_NMP_2018_EXPERIMENTING_WITH_A_CIRC,0.0,0.0,0.0,0.0,1.0,0.0,0.0,0.0,0.0,0.0
44,BRAUERS_H_2020_COMPARING_COAL_PHASE_OUT,0.0,1.0,1.0,0.0,0.0,0.0,0.0,0.0,1.0,0.0
45,CELATA_F_2018_THE_POLICING_OF_COMMUNITY,1.0,0.0,1.0,0.0,0.0,0.0,0.0,0.0,0.0,0.0
46,VAN_WELIE_MJ_2019_TOWARDS_SUSTAINABLE_URBAN,0.0,0.0,0.0,0.0,1.0,0.0,0.0,0.0,0.0,1.0
47,BELMIN_R_2018_CONTRIBUTION_OF_TRANSITIO,1.0,0.0,0.0,1.0,0.0,0.0,1.0,1.0,0.0,0.0
48,SAWULSKI_J_2019_TECHNOLOGICAL_INNOVATION,0.0,0.0,0.0,0.0,0.0,0.0,0.0,0.0,0.0,1.0
49,JERNECK_A_2011_BREAKING_OUT_OF_SUSTAINAB,0.0,0.0,0.0,0.0,0.0,0.0,0.0,1.0,0.0,0.0
50,ANDERSEN_AD_2014_NO_TRANSITION_WITHOUT_TRA,0.0,0.0,0.0,0.0,0.0,0.0,0.0,0.0,0.0,1.0
51,JHAGROE_S_2015_SEE_NO_EVIL_HEAR_NO_EVIL,0.0,0.0,1.0,0.0,0.0,0.0,0.0,1.0,1.0,0.0
52,NOEL_L_2019_CONSPICUOUS_DIFFUSION_TH,0.0,0.0,0.0,0.0,1.0,0.0,0.0,0.0,0.0,1.0
53,BOON_WPC_2016_LEARNING_TO_SHIELD_POLI,1.0,0.0,0.0,0.0,0.0,0.0,0.0,1.0,0.0,0.0
54,YUANA_SL_2020_A_DRAMATURGY_OF_CRITICAL,0.0,0.0,1.0,0.0,0.0,0.0,0.0,1.0,0.0,0.0
55,HEISKANEN_E_2015_THE_LOCAL_COMMUNITY_AS_A,1.0,0.0,0.0,0.0,0.0,0.0,0.0,1.0,0.0,0.0
56,FALLER_F_2016_A_PRACTICE_APPROACH_TO_ST,1.0,0.0,0.0,0.0,0.0,0.0,1.0,1.0,0.0,0.0
57,HOLTZ_G_2011_MODELLING_TRANSITIONS_AN,0.0,0.0,0.0,0.0,0.0,1.0,0.0,0.0,0.0,0.0
58,KARLTORP_K_2012_EXPLAINING_REGIME_DESTABI,0.0,0.0,0.0,0.0,0.0,0.0,0.0,0.0,0.0,1.0
59,ANTAL_M_2020_LET_S_FOCUS_MORE_ON_NEGAT,0.0,0.0,0.0,0.0,0.0,0.0,0.0,1.0,0.0,0.0
60,DINNIE_E_2018_THE_INFLUENCE_OF_PUBLIC_F,0.0,0.0,0.0,0.0,0.0,0.0,0.0,0.0,0.0,0.0
61,BECKER_SL_2018_REGIME_PRESSURES_AND_ORGA,1.0,0.0,0.0,0.0,0.0,0.0,0.0,0.0,0.0,0.0
62,ZEPPINI_P_2014_THRESHOLDS_MODELS_OF_TECH,0.0,0.0,0.0,0.0,0.0,1.0,0.0,0.0,0.0,1.0
63,VALOR_C_2020_ANTICIPATED_EMOTIONS_AND,0.0,0.0,0.0,0.0,1.0,0.0,0.0,0.0,0.0,0.0
64,KIVIMAA_P_2019_PASSING_THE_BATON_HOW_IN,0.0,0.0,0.0,0.0,1.0,0.0,0.0,0.0,0.0,0.0
65,SHARMA_T_2020_A_NEW_HYBRID_APPROACH_FOR,0.0,0.0,0.0,0.0,0.0,1.0,0.0,0.0,0.0,0.0
66,PICHLER_M_2021_EU_INDUSTRIAL_POLICY_BET,0.0,1.0,0.0,0.0,0.0,0.0,0.0,0.0,0.0,1.0
67,FEOLA_G_2020_CAPITALISM_IN_SUSTAINABIL,0.0,0.0,1.0,0.0,0.0,0.0,0.0,1.0,0.0,0.0
68,FLYNN_A_2019_GOVERNANCE_OF_THE_CIRCULA,0.0,1.0,0.0,0.0,0.0,0.0,0.0,0.0,0.0,0.0
69,MCDOWALL_W_2016_ARE_SCENARIOS_OF_HYDROGEN,0.0,0.0,0.0,0.0,0.0,1.0,0.0,0.0,0.0,0.0
70,GALEANO_GALVAN_M_2020_EXPLORING_INCUMBENTS_AGEN,0.0,0.0,0.0,0.0,1.0,0.0,0.0,0.0,0.0,0.0
71,WENG_W_2020_LANDSCAPE_MATTERS_INSIGH,1.0,0.0,1.0,1.0,0.0,0.0,1.0,1.0,0.0,0.0
72,MUNRO_FR_2019_RENEWABLE_ENERGY_AND_TRAN,1.0,0.0,0.0,0.0,0.0,0.0,1.0,1.0,0.0,0.0
73,ANDERSSON_J_2021_THE_OUTCOMES_OF_DIRECTION,0.0,0.0,0.0,0.0,0.0,0.0,0.0,0.0,0.0,1.0
74,TCHALAKOV_I_2019_THE_BULGARIAN_NUCLEAR_SEC,0.0,1.0,1.0,0.0,0.0,0.0,0.0,0.0,1.0,0.0
75,SARASINI_S_2018_INTEGRATING_A_BUSINESS_MO,0.0,0.0,0.0,0.0,1.0,0.0,0.0,0.0,0.0,1.0
76,FORREST_N_2015_SUCCESS_FACTORS_AND_STRAT,1.0,0.0,0.0,0.0,0.0,0.0,0.0,1.0,0.0,0.0
77,WIECZOREK_AJ_2015_BROADENING_THE_NATIONAL_F,0.0,0.0,0.0,0.0,0.0,0.0,1.0,0.0,0.0,1.0
78,BINZ_C_2020_GEOGRAPHIES_OF_TRANSITION,1.0,0.0,1.0,0.0,0.0,0.0,1.0,1.0,0.0,0.0
79,JENSEN_JS_2012_FRAMING_OF_REGIMES_AND_TR,0.0,0.0,1.0,1.0,0.0,0.0,0.0,1.0,1.0,0.0
80,BENTO_N_2015_SPATIAL_DIFFUSION_AND_THE,0.0,0.0,0.0,0.0,0.0,0.0,1.0,0.0,0.0,1.0
81,MARTISKAINEN_M_2017_THE_ROLE_OF_COMMUNITY_LEA,1.0,0.0,0.0,0.0,1.0,0.0,0.0,0.0,0.0,0.0
82,MEADOWCROFT_J_2011_ENGAGING_WITH_THE_POLITIC,0.0,0.0,1.0,0.0,0.0,0.0,0.0,1.0,1.0,0.0
83,KHLER_J_2012_A_COMPARISON_OF_THE_NEO_S,1.0,0.0,0.0,1.0,0.0,0.0,1.0,1.0,0.0,0.0
84,KIVIMAA_P_2020_INTERMEDIARIES_IN_ACCELER,0.0,0.0,0.0,0.0,0.0,0.0,0.0,1.0,0.0,1.0
85,VAN_MIERLO_B_2020_UNDERSTANDING_AND_GOVERNI,0.0,0.0,0.0,0.0,1.0,0.0,0.0,0.0,0.0,0.0
86,VAN_BOXSTAEL_A_2020_INTERMEDIATING_THE_ENERGY,1.0,0.0,0.0,0.0,0.0,0.0,1.0,1.0,0.0,0.0
87,FUDGE_S_2016_LOCAL_AUTHORITIES_AS_NICH,1.0,0.0,0.0,0.0,0.0,0.0,0.0,1.0,0.0,0.0
88,BORGHEI_BB_2018_NICHE_AGGREGATION_THROUGH,1.0,0.0,0.0,0.0,1.0,0.0,0.0,0.0,0.0,0.0
89,GRANDIN_J_2020_WHAT_STICKS_EPHEMERALITY,1.0,0.0,0.0,0.0,0.0,0.0,1.0,1.0,0.0,0.0
90,MORI_A_2021_HOW_DO_INCUMBENT_COMPANIE,0.0,1.0,0.0,0.0,0.0,0.0,0.0,0.0,0.0,0.0
91,HOOGSTRAATEN_MJ_2020_THE_STUDY_OF_INSTITUTIONA,0.0,0.0,0.0,0.0,0.0,0.0,0.0,1.0,0.0,0.0
92,SEYFANG_G_2014_A_GRASSROOTS_SUSTAINABLE,1.0,0.0,0.0,0.0,0.0,0.0,0.0,1.0,0.0,0.0
93,HALEY_B_2015_LOW_CARBON_INNOVATION_FRO,0.0,0.0,0.0,0.0,0.0,0.0,0.0,0.0,0.0,1.0
94,MATSCHOSS_K_2020_NETWORK_ANALYSIS_OF_ENERG,0.0,0.0,0.0,0.0,0.0,0.0,0.0,0.0,0.0,0.0
95,VIHEMKI_H_2020_INTERMEDIARIES_TO_ACCELER,0.0,1.0,1.0,0.0,0.0,0.0,0.0,0.0,1.0,0.0
96,SHEN_W_2019_ADAPTIVE_POLICY_INNOVATIO,0.0,1.0,0.0,0.0,0.0,0.0,0.0,0.0,1.0,0.0
97,JAIN_M_2017_ANALYZING_SECTORAL_NICHE,0.0,0.0,0.0,0.0,1.0,0.0,0.0,0.0,0.0,1.0
98,BOHNSACK_R_2016_THE_INSTITUTIONAL_EVOLUTI,0.0,0.0,0.0,0.0,1.0,0.0,0.0,0.0,0.0,1.0
99,JOHANSSON_N_2012_TRANSFORMING_DUMPS_INTO_G,0.0,0.0,0.0,0.0,0.0,0.0,0.0,0.0,0.0,0.0
100,PLOLL_U_2020_A_SOCIAL_INNOVATION_PERSP,0.0,0.0,0.0,0.0,1.0,0.0,0.0,0.0,0.0,0.0
101,RAVENA_R_2012_SPACE_AND_SCALE_IN_SOCIO,1.0,0.0,0.0,1.0,0.0,0.0,1.0,1.0,0.0,0.0
102,KUOKKANEN_A_2016_NOT_ONLY_PEASANTS_ISSUE,0.0,0.0,0.0,0.0,0.0,0.0,0.0,0.0,0.0,1.0
103,FICHTER_K_2021_DIFFUSION_OF_ENVIRONMENTA,0.0,0.0,0.0,0.0,1.0,0.0,0.0,0.0,0.0,1.0
104,BIRTCHNELL_T_2018_ON_THE_VERGE_OF_CHANGE_M,1.0,0.0,0.0,0.0,0.0,0.0,0.0,1.0,0.0,0.0
105,MEELEN_T_2019_VIRTUAL_USER_COMMUNITIES,1.0,0.0,0.0,0.0,1.0,0.0,0.0,0.0,0.0,0.0
106,HUANG_P_2018_INTERDEPENDENCE_BETWEEN_U,0.0,0.0,1.0,0.0,0.0,0.0,1.0,1.0,1.0,0.0
107,MYLAN_J_2019_RAGE_AGAINST_THE_REGIME,1.0,0.0,0.0,0.0,0.0,0.0,1.0,1.0,0.0,0.0
108,HOGARTH_JR_2017_EVOLUTIONARY_MODELS_OF_SU,0.0,1.0,0.0,0.0,0.0,0.0,0.0,0.0,0.0,0.0
109,VAN_LENTE_H_2020_POSITIONING_OF_SYSTEMIC_I,0.0,0.0,0.0,0.0,0.0,0.0,0.0,0.0,0.0,1.0
110,ALOMARI_MA_2021_UTILISING_LAW_IN_THE_TRAN,0.0,1.0,0.0,0.0,0.0,0.0,0.0,0.0,1.0,0.0
111,CARROLI_L_2018_PLANNING_ROLES_IN_INFRAST,0.0,1.0,1.0,0.0,0.0,0.0,0.0,1.0,1.0,0.0
112,HESS_DJ_2016_THE_POLITICS_OF_NICHE_REG,0.0,1.0,1.0,0.0,0.0,0.0,0.0,0.0,1.0,0.0
113,LOORBACH_D_2020_TRANSFORMATIVE_INNOVATION,1.0,0.0,0.0,0.0,0.0,0.0,0.0,1.0,0.0,0.0
114,DUYGAN_M_2019_A_HEURISTIC_FOR_CONCEPTUA,1.0,0.0,0.0,0.0,0.0,0.0,0.0,1.0,0.0,0.0
115,WESSELING_JH_2016_EXPLAINING_VARIANCE_IN_NA,0.0,1.0,0.0,0.0,1.0,0.0,0.0,0.0,0.0,1.0
116,GODELNIK_R_2017_MILLENNIALS_AND_THE_SHARI,0.0,0.0,0.0,0.0,1.0,0.0,0.0,0.0,0.0,0.0
117,KOLK_A_2020_THE_POTENTIAL_OF_SUSTAINA,0.0,0.0,0.0,0.0,1.0,0.0,0.0,0.0,0.0,0.0
118,KRONSELL_A_2013_GENDER_AND_TRANSITION_IN,1.0,0.0,1.0,1.0,0.0,0.0,0.0,1.0,0.0,0.0
119,GOYAL_N_2020_WHO_LEARNS_WHAT_IN_SUSTAI,0.0,1.0,1.0,0.0,0.0,0.0,0.0,0.0,1.0,0.0
120,VAN_MOSSEL_A_2018_NAVIGATORS_THROUGH_THE_ST,0.0,0.0,0.0,0.0,1.0,0.0,0.0,0.0,0.0,0.0
121,HUXLEY_R_2019_THE_ROLE_OF_REGIME_LEVEL,1.0,0.0,0.0,1.0,0.0,0.0,0.0,1.0,0.0,0.0
122,SCHNEIDER_C_2020_RISKS_AND_OPPORTUNITIES_A,0.0,1.0,0.0,0.0,0.0,1.0,0.0,0.0,0.0,0.0
123,SARASINI_S_2014_ELECTRIFYING_THE_AUTOMOTI,0.0,0.0,0.0,0.0,1.0,0.0,0.0,0.0,0.0,1.0
124,CAVICCHI_B_2016_SUSTAINABILITY_THAT_BACKF,0.0,1.0,0.0,0.0,0.0,1.0,0.0,0.0,0.0,0.0
125,BRAAMS_RB_2021_LEGITIMIZING_TRANSFORMATI,0.0,1.0,1.0,0.0,0.0,0.0,0.0,0.0,1.0,0.0
126,WINKLER_B_2017_INTEGRATED_ASSESSMENT_OF,0.0,0.0,0.0,0.0,1.0,0.0,0.0,0.0,0.0,0.0
127,JUPESTA_J_2011_MANAGING_THE_TRANSITION_T,0.0,1.0,0.0,0.0,0.0,0.0,0.0,0.0,0.0,0.0
128,GOMEL_D_2020_MERE_DEPLOYMENT_OF_RENEWA,0.0,1.0,0.0,0.0,0.0,0.0,0.0,0.0,1.0,0.0
129,ROSENBLOOM_D_2020_ENGAGING_WITH_MULTI_SYSTE,0.0,0.0,0.0,0.0,0.0,0.0,0.0,1.0,0.0,0.0
130,BROTO_VC_2012_SOCIAL_HOUSING_AND_LOW_CA,1.0,0.0,0.0,0.0,0.0,0.0,0.0,0.0,0.0,0.0
131,MAYER_A_2018_A_JUST_TRANSITION_FOR_COA,0.0,1.0,1.0,0.0,0.0,0.0,0.0,0.0,1.0,0.0
132,WESSELING_JH_2015_EXPLORING_CAR_MANUFACTURE,0.0,0.0,0.0,0.0,1.0,0.0,0.0,0.0,0.0,1.0
133,HANSEN_GH_2015_OFFSHORE_OIL_AND_GAS_FIRM,0.0,0.0,0.0,0.0,1.0,0.0,0.0,0.0,0.0,1.0
134,DAI_Y_2019_POLICY_INSTRUMENT_DESIGNE,0.0,1.0,0.0,0.0,0.0,0.0,0.0,0.0,1.0,0.0
135,MOALLEMI_EA_2019_COPING_WITH_UNCERTAINTIES,0.0,0.0,0.0,0.0,0.0,1.0,0.0,0.0,0.0,0.0
136,RUNHAAR_H_2020_ENDOGENOUS_REGIME_CHANGE,1.0,0.0,1.0,1.0,0.0,0.0,1.0,1.0,0.0,0.0
137,SRENSEN_KH_2018_ARTICULATIONS_OF_MUNDANE,0.0,0.0,0.0,0.0,0.0,0.0,0.0,0.0,0.0,0.0
138,VAN_DEN_BERGE_M_2020_DO_EXISTING_REGIONAL_SPEC,0.0,0.0,0.0,0.0,0.0,0.0,0.0,0.0,0.0,1.0
139,SALONEN_H_2020_MODERNIZATION_OF_RUSSIAN,0.0,0.0,0.0,0.0,0.0,0.0,0.0,0.0,0.0,0.0
140,MARKARD_J_2015_THE_TECHNOLOGICAL_INNOVAT,0.0,0.0,0.0,0.0,0.0,0.0,1.0,1.0,0.0,1.0
141,PELZER_P_2019_INSTITUTIONAL_ENTREPRENEU,0.0,1.0,0.0,0.0,1.0,0.0,0.0,0.0,0.0,0.0
142,FRIDAHL_M_2017_AN_ASSESSMENT_OF_THE_POTE,0.0,1.0,0.0,0.0,0.0,0.0,0.0,0.0,0.0,0.0
143,BERGEK_A_2020_DIFFUSION_INTERMEDIARIES,0.0,0.0,0.0,0.0,1.0,0.0,0.0,0.0,0.0,1.0
144,NORMANN_HE_2015_THE_ROLE_OF_POLITICS_IN_S,0.0,1.0,1.0,0.0,0.0,0.0,0.0,0.0,1.0,0.0
145,BUDDE_B_2015_ON_THE_RELATION_BETWEEN_C,0.0,0.0,0.0,0.0,1.0,0.0,0.0,0.0,0.0,1.0
146,HORBACH_J_2016_EMPIRICAL_DETERMINANTS_OF,0.0,1.0,0.0,0.0,1.0,0.0,0.0,0.0,0.0,1.0
147,ROGERS_BC_2015_ANALYSIS_OF_INSTITUTIONAL,1.0,0.0,0.0,1.0,0.0,0.0,1.0,1.0,0.0,0.0
148,ANTADZE_N_2017_MORAL_ENTREPRENEURSHIP_T,0.0,0.0,0.0,0.0,0.0,0.0,0.0,1.0,0.0,0.0
149,KERN_F_2020_GOVERNING_THE_SECOND_DEEP,0.0,1.0,0.0,0.0,0.0,0.0,0.0,0.0,1.0,0.0
150,SENGERS_F_2015_TOWARD_A_SPATIAL_PERSPECT,1.0,0.0,0.0,0.0,0.0,0.0,1.0,1.0,0.0,0.0
151,HAAS_T_2019_COMPARING_ENERGY_TRANSITI,0.0,1.0,1.0,0.0,0.0,0.0,0.0,0.0,1.0,0.0
152,BOLTON_R_2015_A_SOCIO_TECHNICAL_PERSPEC,0.0,0.0,0.0,0.0,0.0,1.0,0.0,0.0,0.0,0.0
153,PAPACHRISTOS_G_2011_A_SYSTEM_DYNAMICS_MODEL_O,1.0,0.0,0.0,1.0,0.0,0.0,1.0,1.0,0.0,0.0
154,LAITNER_JA_2013_AN_OVERVIEW_OF_THE_ENERGY,0.0,0.0,0.0,0.0,0.0,1.0,0.0,0.0,0.0,0.0
155,DARMANI_A_2017_CHARACTERISTICS_OF_INVEST,0.0,0.0,0.0,0.0,1.0,0.0,0.0,0.0,0.0,0.0
156,HOJNIK_J_2016_WHAT_DRIVES_ECO_INNOVATIO,0.0,0.0,0.0,0.0,1.0,0.0,0.0,0.0,0.0,0.0
157,BERGEK_A_2015_TECHNOLOGICAL_INNOVATION,0.0,0.0,0.0,1.0,0.0,0.0,1.0,1.0,0.0,1.0
158,STILES_J_2020_STRATEGIC_NICHE_MANAGEMEN,1.0,0.0,0.0,0.0,0.0,0.0,0.0,1.0,0.0,0.0
159,BOONS_F_2021_DISRUPTING_TRANSITIONS_Q,0.0,0.0,0.0,0.0,0.0,1.0,0.0,0.0,0.0,0.0
160,NIKAS_A_2020_BARRIERS_TO_AND_CONSEQUEN,0.0,0.0,0.0,0.0,0.0,1.0,0.0,0.0,0.0,0.0
161,MIGNON_I_2020_WHAT_INTERESTS_DO_INTERME,0.0,0.0,0.0,0.0,1.0,0.0,0.0,0.0,0.0,0.0
162,TOURAIS_P_2021_A_PARTICIPATORY_SYSTEMS_M,0.0,0.0,0.0,0.0,0.0,1.0,0.0,0.0,0.0,0.0
163,KARLTORP_K_2016_CHALLENGES_IN_MOBILISING,0.0,0.0,0.0,0.0,0.0,0.0,0.0,0.0,0.0,0.0
164,FIGENBAUM_E_2017_PERSPECTIVES_ON_NORWAY_S,1.0,0.0,0.0,1.0,0.0,0.0,0.0,1.0,0.0,0.0
165,KARSLEN_R_2019_AN_AGENT_BASED_MODEL_OF_C,0.0,0.0,0.0,0.0,0.0,1.0,0.0,0.0,0.0,0.0
166,KLITKOU_A_2015_THE_ROLE_OF_LOCK_IN_MECHA,0.0,0.0,0.0,0.0,0.0,0.0,0.0,1.0,0.0,0.0
167,POURI_MJ_2021_THE_DIGITAL_SHARING_ECONO,0.0,0.0,0.0,0.0,0.0,1.0,0.0,0.0,0.0,0.0
168,KUCHARSKI_JB_2018_AN_INSTITUTIONAL_ANALYSIS,0.0,1.0,0.0,0.0,0.0,0.0,0.0,0.0,1.0,0.0
169,SKJLSVOLD_TM_2020_TEMPORAL_ECHOES_AND_CROSS,1.0,0.0,0.0,0.0,0.0,0.0,0.0,1.0,0.0,0.0
170,INGRAM_J_2018_AGRICULTURAL_TRANSITION,1.0,0.0,0.0,1.0,0.0,0.0,1.0,1.0,0.0,0.0
171,AMPE_K_2021_INCUMBENTS_ENABLING_ROLE,1.0,0.0,1.0,0.0,0.0,0.0,1.0,1.0,0.0,0.0
172,KANDA_W_2020_CONCEPTUALISING_THE_SYSTE,0.0,0.0,0.0,0.0,0.0,0.0,1.0,1.0,0.0,1.0
173,EHNERT_F_2018_URBAN_SUSTAINABILITY_TRAN,0.0,0.0,1.0,1.0,0.0,0.0,0.0,1.0,1.0,0.0
174,KERN_F_2018_HARNESSING_THEORIES_OF_TH,0.0,1.0,1.0,0.0,0.0,0.0,0.0,0.0,1.0,0.0
175,FELL_MJ_2020_CAPTURING_THE_DISTRIBUTIO,0.0,1.0,0.0,0.0,0.0,1.0,0.0,0.0,1.0,0.0
176,GEALL_S_2019_AGRI_FOOD_TRANSITIONS_AND,0.0,0.0,0.0,0.0,0.0,0.0,0.0,0.0,0.0,0.0
177,BRUGGER_H_2021_INFLUENCE_OF_POLICY_DISCO,0.0,1.0,1.0,0.0,0.0,0.0,0.0,1.0,1.0,0.0
178,MANIVANNAN_SV_2016_ENVIRONMENTAL_AND_HEALTH,0.0,0.0,0.0,0.0,0.0,1.0,0.0,0.0,0.0,0.0
179,LOORBACH_DA_2013_EXPLORING_THE_ECONOMIC_CR,0.0,0.0,0.0,1.0,0.0,0.0,0.0,1.0,0.0,0.0
180,DAIM_TU_2012_EVALUATION_OF_ENERGY_STOR,0.0,0.0,0.0,0.0,0.0,1.0,0.0,0.0,0.0,0.0
181,TZIVA_M_2020_UNDERSTANDING_THE_PROTEIN,0.0,0.0,0.0,0.0,0.0,0.0,0.0,0.0,0.0,1.0
182,GIURCA_A_2018_A_SOCIAL_NETWORK_ANALYSIS,0.0,0.0,0.0,0.0,0.0,0.0,0.0,0.0,0.0,1.0
183,GOSENS_J_2020_CHINA_S_POST_COVID_19_STI,0.0,1.0,0.0,0.0,0.0,0.0,0.0,0.0,1.0,0.0
184,DE_VRIES_GW_2016_USER_LED_INNOVATION_IN_CI,1.0,0.0,0.0,0.0,1.0,0.0,0.0,0.0,0.0,0.0
185,BUSCH_J_2018_DESIGNING_INDUSTRIAL_STRA,0.0,1.0,0.0,0.0,0.0,0.0,0.0,0.0,1.0,0.0
186,TAYLOR_R_2020_MODELLING_STAKEHOLDER_AGE,0.0,0.0,0.0,0.0,0.0,1.0,0.0,0.0,0.0,0.0
187,COLLINS_B_2020_IT_S_NOT_TALKED_ABOUT_TH,1.0,0.0,0.0,0.0,1.0,0.0,0.0,0.0,0.0,0.0
188,FRANCESCHINI_S_2016_NON_DISRUPTIVE_REGIME_CHA,0.0,0.0,0.0,0.0,0.0,0.0,0.0,0.0,0.0,1.0
189,YOUNG_J_2020_FOSTERING_A_LOCAL_ENERGY,0.0,1.0,1.0,0.0,0.0,0.0,0.0,0.0,1.0,0.0
190,CHLEBNA_C_2020_THE_FRAGILITY_OF_REGIONAL,0.0,0.0,0.0,0.0,0.0,0.0,0.0,1.0,0.0,1.0
191,MAH_DNY_2021_TRUST_GAPS_IN_ENERGY_TRAN,0.0,1.0,1.0,0.0,0.0,0.0,0.0,0.0,1.0,0.0
192,GAMACHE_G_2020_CAN_LIVING_LABS_OFFER_A_P,1.0,0.0,0.0,0.0,0.0,0.0,0.0,0.0,0.0,0.0
193,WANITSCHKE_A_2020_ARE_BATTERY_ELECTRIC_VEHI,0.0,0.0,0.0,0.0,0.0,1.0,0.0,0.0,0.0,0.0
194,OSUNMUYIWA_O_2017_TRANSITIONS_IN_UNLIKELY_P,0.0,1.0,1.0,1.0,0.0,0.0,0.0,1.0,1.0,0.0
195,RUBIO_VARAS_MDM_2019_THE_FIRST_WORLD_WAR_AND_T,0.0,0.0,0.0,0.0,0.0,0.0,0.0,0.0,0.0,0.0
196,REICHARDT_K_2016_HOW_THE_POLICY_MIX_IMPACT,0.0,1.0,0.0,0.0,0.0,0.0,0.0,0.0,1.0,1.0
197,KIEFT_A_2017_INTERACTIONS_BETWEEN_SYST,0.0,0.0,0.0,0.0,0.0,0.0,0.0,0.0,0.0,1.0
198,KUNGL_G_2018_SEQUENCE_AND_ALIGNMENT_OF,0.0,1.0,0.0,0.0,0.0,0.0,0.0,1.0,1.0,0.0
199,KOEHRSEN_J_2018_RELIGIOUS_AGENCY_IN_SUSTA,1.0,0.0,1.0,1.0,0.0,0.0,0.0,1.0,0.0,0.0
200,SARASINI_S_2021_BUSINESS_MODEL_INNOVATION,0.0,0.0,0.0,0.0,1.0,0.0,0.0,0.0,0.0,0.0
201,GRIN_J_2011_ON_PATTERNS_AND_AGENCY_IN,1.0,0.0,1.0,1.0,0.0,0.0,0.0,1.0,0.0,0.0
202,MOSSBERG_J_2018_CROSSING_THE_BIOREFINERY,0.0,0.0,0.0,0.0,0.0,0.0,0.0,0.0,0.0,1.0
203,FERGUSON_P_2016_PRODUCTIVITY_GROWTH_AS_A,0.0,0.0,0.0,0.0,1.0,0.0,0.0,0.0,0.0,0.0
204,KANGER_L_2019_DEEP_TRANSITIONS_THEORIZ,1.0,0.0,0.0,1.0,0.0,0.0,1.0,1.0,0.0,0.0
205,LEE_D_2019_INCUMBENT_RESISTANCE_AND,0.0,1.0,1.0,0.0,0.0,0.0,0.0,0.0,1.0,0.0
206,SCHNEIDEWIND_U_2012_ANALYZING_A_TRANSITION_TO,1.0,0.0,0.0,1.0,0.0,0.0,1.0,1.0,0.0,0.0
207,HODSON_M_2016_REMAKING_THE_MATERIAL_FAB,1.0,0.0,1.0,0.0,0.0,0.0,1.0,1.0,0.0,0.0
208,ROHE_S_2020_THE_REGIONAL_FACET_OF_A_G,0.0,0.0,0.0,0.0,1.0,0.0,0.0,0.0,0.0,1.0
209,HITEVA_R_2019_GOVERNANCE_OF_INTERACTION,0.0,0.0,0.0,0.0,0.0,0.0,0.0,1.0,0.0,1.0
210,DE_HAAN_F_2021_MARKET_FORMATION_IN_A_GLO,0.0,0.0,0.0,0.0,0.0,0.0,0.0,0.0,0.0,1.0
211,BAUKNECHT_D_2020_CHALLENGES_FOR_ELECTRICIT,0.0,0.0,0.0,0.0,0.0,0.0,0.0,1.0,0.0,0.0
212,SCHOLZ_G_2020_A_SOCIAL_LEARNING_AND_TRA,1.0,0.0,0.0,0.0,0.0,0.0,0.0,0.0,0.0,0.0
213,TURNHEIM_B_2020_EXPLORING_THE_ROLE_OF_FAI,0.0,1.0,0.0,0.0,1.0,0.0,0.0,0.0,0.0,1.0
214,LAUBER_V_2016_THE_POLITICS_AND_ECONOMIC,0.0,1.0,1.0,0.0,0.0,0.0,0.0,0.0,1.0,0.0
215,DOMNECH_L_2015_LEARNING_PROCESSES_DURING,0.0,0.0,0.0,0.0,0.0,0.0,0.0,0.0,0.0,0.0
216,OTTOSSON_M_2020_SHAPING_SUSTAINABLE_MARKE,0.0,0.0,0.0,0.0,1.0,0.0,0.0,0.0,0.0,0.0
217,XIA_C_2012_UNDERSTANDING_THE_DEVELOP,1.0,0.0,0.0,1.0,0.0,0.0,1.0,1.0,0.0,0.0
218,HOLTZ_G_2015_PROSPECTS_OF_MODELLING_SO,0.0,0.0,0.0,0.0,0.0,1.0,0.0,0.0,0.0,0.0
219,SCHERRER_A_2020_POWER_FROM_ABOVE_ASSESSI,0.0,0.0,0.0,0.0,0.0,0.0,0.0,0.0,0.0,1.0
220,BERNARDO_G_2016_SYSTEMS_DYNAMIC_ANALYSIS,0.0,1.0,0.0,0.0,0.0,0.0,0.0,0.0,0.0,0.0
221,GUERIN_TF_2021_POLICIES_TO_MINIMISE_ENVI,0.0,0.0,0.0,0.0,0.0,1.0,0.0,0.0,0.0,0.0
222,SOVACOOL_BK_2019_TRANSFORMATIVE_VERSUS_CON,0.0,0.0,0.0,0.0,1.0,0.0,0.0,0.0,0.0,1.0
223,OLAZABAL_M_2016_USE_OF_FUZZY_COGNITIVE_MA,0.0,0.0,0.0,0.0,0.0,0.0,0.0,0.0,0.0,0.0
224,FRANTZESKAKI_N_2018_CO_PRODUCING_URBAN_SUSTAI,1.0,0.0,1.0,0.0,0.0,0.0,1.0,1.0,0.0,0.0
225,GOSENS_J_2020_CHINA_S_ROLE_IN_THE_NEXT,1.0,0.0,0.0,0.0,0.0,0.0,1.0,1.0,0.0,1.0
226,WISEMAN_J_2013_POST_CARBON_PATHWAYS_A_M,0.0,1.0,0.0,0.0,0.0,0.0,0.0,0.0,1.0,0.0
227,MARTISKAINEN_M_2021_USER_INNOVATION_NICHE_CO,1.0,0.0,0.0,0.0,0.0,0.0,0.0,1.0,0.0,0.0
228,BENING_CR_2015_THE_NEED_TO_INCREASE_THE,0.0,1.0,0.0,0.0,0.0,0.0,0.0,0.0,1.0,1.0
229,HIRT_LF_2020_A_REVIEW_OF_LINKING_MODEL,0.0,0.0,0.0,0.0,0.0,1.0,0.0,1.0,0.0,0.0
230,KERN_F_2015_ENGAGING_WITH_THE_POLITIC,0.0,0.0,0.0,1.0,0.0,0.0,1.0,1.0,1.0,1.0
231,PAN_M_2019_COMPARING_THE_INNOVATION,0.0,0.0,0.0,0.0,1.0,0.0,0.0,0.0,0.0,1.0
232,HKANSSON_I_2018_THE_SOCIO_SPATIAL_POLITIC,1.0,0.0,1.0,0.0,0.0,0.0,1.0,1.0,0.0,0.0
233,COENEN_L_2015_ENGAGING_WITH_CHANGING_SP,1.0,0.0,1.0,1.0,0.0,0.0,1.0,1.0,0.0,0.0
234,MCDOWALL_W_2017_TEN_CHALLENGES_FOR_COMPUT,0.0,0.0,0.0,0.0,0.0,1.0,0.0,1.0,0.0,0.0
235,ELZEN_B_2012_ANCHORING_OF_INNOVATIONS,1.0,0.0,0.0,1.0,0.0,0.0,1.0,1.0,0.0,0.0
236,HORNE_JP_2013_CLIMATE_CHANGE_AND_ECONOM,0.0,1.0,0.0,0.0,0.0,0.0,0.0,0.0,0.0,0.0
237,VAN_DER_VOOREN_A_2012_EFFECTIVE_PUBLIC_RESOURCE,0.0,0.0,0.0,0.0,0.0,1.0,0.0,0.0,0.0,1.0
238,BARNES_J_2018_THE_INSTITUTIONALISATION,1.0,0.0,1.0,0.0,0.0,0.0,1.0,1.0,0.0,0.0
239,ANDERSSON_M_2017_LESSONS_FROM_A_CENTURY_OF,0.0,0.0,0.0,0.0,0.0,1.0,0.0,0.0,0.0,1.0
240,MOUSAVI_S_2020_CORPORATE_NGO_PARTNERSHIP,0.0,0.0,0.0,0.0,1.0,0.0,0.0,0.0,0.0,1.0
241,BJRNVOLD_A_2020_ELICITING_POLICYMAKERS_PR,0.0,1.0,0.0,0.0,1.0,0.0,0.0,0.0,0.0,0.0
242,FOTOPOULOS_Y_2019_BRANCHING_POINTS_AND_TRAN,0.0,0.0,1.0,0.0,0.0,0.0,0.0,1.0,1.0,0.0
243,QUITZOW_R_2015_DYNAMICS_OF_A_POLICY_DRIV,0.0,0.0,0.0,0.0,0.0,0.0,0.0,0.0,0.0,1.0
244,HESS_DJ_2014_RENEWABLE_ELECTRICITY_POL,0.0,1.0,1.0,0.0,0.0,0.0,0.0,0.0,1.0,0.0
245,NORMANN_HE_2019_CONDITIONS_FOR_THE_DELIBE,0.0,1.0,1.0,0.0,0.0,0.0,0.0,1.0,1.0,0.0
246,HOPKINS_D_2020_NOT_MORE_BUT_DIFFERENT_A,0.0,0.0,0.0,0.0,0.0,0.0,1.0,1.0,0.0,1.0
247,KITZING_L_2020_AN_EVOLVING_RISK_PERSPECT,0.0,0.0,0.0,0.0,0.0,0.0,0.0,0.0,0.0,0.0
248,BOYER_RHW_2018_INTERMEDIACY_AND_THE_DIFF,1.0,0.0,0.0,0.0,0.0,0.0,1.0,1.0,0.0,0.0
249,SOPHA_BM_2013_ADOPTION_AND_DIFFUSION_OF,0.0,0.0,0.0,0.0,0.0,1.0,0.0,0.0,0.0,0.0
250,LEIPPRAND_A_2020_STARTING_LOW_REACHING_HI,0.0,1.0,0.0,0.0,0.0,0.0,0.0,0.0,1.0,0.0
251,RAMILLER_A_2018_SCALE_LIMITS_TO_SUSTAINAB,1.0,0.0,0.0,0.0,0.0,0.0,0.0,1.0,0.0,0.0
252,WILLIAMS_S_2019_JUSTICE_IN_ENERGY_TRANSIT,0.0,0.0,1.0,0.0,0.0,0.0,0.0,1.0,1.0,0.0
253,SCHIPPL_J_2020_DIRECTIONALITY_OF_TRANSIT,0.0,0.0,0.0,0.0,0.0,0.0,1.0,1.0,0.0,1.0
254,JACOBSSON_S_2011_INNOVATION_SYSTEM_ANALYSE,0.0,0.0,0.0,0.0,0.0,0.0,0.0,0.0,0.0,1.0
255,ZUEV_D_2019_WHERE_IS_THE_POLITICS_E,0.0,0.0,1.0,0.0,0.0,0.0,0.0,0.0,1.0,0.0
256,VAN_WAES_A_2020_WHY_DO_COMPANIES_INSTITUT,1.0,0.0,0.0,0.0,1.0,0.0,0.0,0.0,0.0,0.0
257,VAN_DER_VOOREN_A_2015_EVALUATING_CO2_REDUCTION,0.0,1.0,0.0,0.0,0.0,1.0,0.0,0.0,0.0,0.0
258,IVANOV_MJ_2019_GOVERNED_BY_TENSIONS_THE,0.0,1.0,1.0,0.0,0.0,0.0,0.0,0.0,1.0,0.0
259,SUITNER_J_2020_MAKING_ENERGY_TRANSITION,0.0,0.0,0.0,0.0,0.0,0.0,0.0,1.0,0.0,0.0
260,ANTAL_M_2019_HOW_THE_REGIME_HAMPERED_A,0.0,1.0,1.0,0.0,0.0,0.0,0.0,1.0,1.0,0.0
261,BAUER_F_2018_NARRATIVES_OF_BIOREFINERY,0.0,0.0,0.0,0.0,0.0,0.0,0.0,0.0,0.0,1.0
262,TRUFFER_B_2015_THE_GEOGRAPHY_OF_SUSTAINA,0.0,0.0,0.0,0.0,0.0,0.0,1.0,1.0,0.0,1.0
263,BHAMIDIPATI_PL_2019_AGENCY_IN_TRANSITION_THE,1.0,0.0,1.0,1.0,0.0,0.0,0.0,1.0,0.0,0.0
264,TIMMERMANS_J_2014_POLICY_ENTREPRENEURS_IN_S,0.0,1.0,0.0,0.0,0.0,0.0,0.0,0.0,1.0,0.0
265,BAKKER_S_2014_ACTOR_RATIONALES_IN_SUSTA,1.0,0.0,0.0,0.0,0.0,0.0,0.0,1.0,0.0,1.0
266,DIAZ_M_2013_GREEN_TIDES_IN_BRITTANY,1.0,0.0,0.0,1.0,0.0,0.0,1.0,1.0,0.0,0.0
267,BOON_WPC_2020_MARKET_FORMATION_IN_THE_C,1.0,0.0,0.0,0.0,1.0,0.0,0.0,1.0,0.0,1.0
268,LUKKARINEN_J_2018_AN_INTERMEDIARY_APPROACH,0.0,0.0,0.0,0.0,0.0,0.0,1.0,0.0,0.0,1.0
269,VRAIN_E_2021_SOCIAL_NETWORKS_AND_COMMU,0.0,0.0,0.0,0.0,1.0,0.0,0.0,0.0,0.0,0.0
270,SIERZCHULA_W_2012_THE_COMPETITIVE_ENVIRONME,0.0,0.0,0.0,0.0,1.0,1.0,0.0,0.0,0.0,0.0
271,VAN_VLIET_O_2020_THE_IMPORTANCE_OF_STAKEHO,0.0,0.0,0.0,0.0,0.0,1.0,0.0,0.0,0.0,0.0
272,LANG_L_2019_AN_ORGANIZATIONAL_VIEW_ON,0.0,0.0,0.0,0.0,1.0,1.0,0.0,0.0,0.0,0.0
273,BACHNER_G_2020_RISK_ASSESSMENT_OF_THE_LO,0.0,1.0,0.0,0.0,0.0,1.0,0.0,0.0,0.0,0.0
274,HALBE_J_2020_PARTICIPATORY_MODELING_FO,0.0,0.0,0.0,0.0,0.0,1.0,0.0,0.0,0.0,0.0
275,NYKAMP_H_2017_A_TRANSITION_TO_GREEN_BUI,1.0,0.0,0.0,0.0,0.0,0.0,1.0,1.0,0.0,0.0
276,STALMOKAIT_I_2020_DYNAMIC_CAPABILITIES_AND,0.0,0.0,0.0,0.0,1.0,0.0,0.0,0.0,0.0,0.0
277,WARREN_B_2016_AUSTRALIA_S_SUSTAINABLE_E,0.0,1.0,1.0,0.0,0.0,0.0,0.0,0.0,1.0,0.0
278,WALZ_R_2014_USING_LEAD_MARKET_FACTORS,0.0,0.0,0.0,0.0,0.0,0.0,0.0,0.0,0.0,0.0
279,RAVEN_R_2016_THE_POLITICS_OF_INNOVATIO,1.0,0.0,0.0,0.0,0.0,0.0,1.0,1.0,0.0,0.0
280,LOCKWOOD_M_2016_CREATING_PROTECTIVE_SPACE,0.0,1.0,1.0,0.0,0.0,0.0,0.0,1.0,1.0,0.0
281,VAN_DEN_BERGH_JCJM_2011_ENVIRONMENTAL_INNOVATION,0.0,0.0,0.0,1.0,0.0,0.0,1.0,1.0,0.0,1.0
282,AUGENSTEIN_K_2015_ANALYSING_THE_POTENTIAL_F,0.0,0.0,0.0,0.0,0.0,0.0,0.0,0.0,0.0,1.0
283,KIVIMAA_P_2020_INTERMEDIATING_POLICY_FOR,0.0,1.0,1.0,0.0,0.0,0.0,0.0,0.0,1.0,0.0
284,HAWKEY_DJC_2012_DISTRICT_HEATING_IN_THE_U,0.0,0.0,0.0,0.0,0.0,0.0,1.0,1.0,0.0,1.0
285,LUQMANI_A_2017_FACTORS_BEHIND_SUSTAINABL,0.0,0.0,0.0,0.0,1.0,0.0,0.0,0.0,0.0,1.0
286,SCHULTE_UG_2013_NEW_BUSINESS_MODELS_FOR_A,0.0,0.0,0.0,0.0,1.0,0.0,0.0,0.0,0.0,0.0
287,WILLIAMS_S_2020_THE_ENERGY_FUTURES_LAB_A,0.0,1.0,1.0,0.0,0.0,0.0,0.0,0.0,1.0,0.0
288,PETZER_BJMBJM_2020_CYCLING_AS_A_SERVICE_ASSE,1.0,0.0,0.0,0.0,1.0,0.0,0.0,0.0,0.0,0.0
289,BOSE_STYCZYNSKI_A_2019_PUBLIC_POLICY_STRATEGIES,0.0,1.0,0.0,0.0,0.0,0.0,0.0,0.0,1.0,0.0
290,FRASER_T_2020_CLIMATE_CRISIS_AT_CITY_HA,0.0,1.0,0.0,0.0,0.0,0.0,0.0,0.0,1.0,0.0
291,TURNHEIM_B_2020_MAKING_SUSTAINABILITY_TRA,0.0,1.0,0.0,0.0,0.0,0.0,0.0,0.0,1.0,0.0
292,MHLEMEIER_S_2019_DINOSAURS_IN_TRANSITION,0.0,0.0,0.0,0.0,1.0,0.0,0.0,0.0,0.0,0.0
293,RODDIS_P_2018_ECO_INNOVATION_TO_REDUCE,0.0,0.0,0.0,0.0,1.0,0.0,0.0,0.0,0.0,0.0
294,VAN_OERS_LM_2018_THE_CREATION_OF_LEGITIMAC,1.0,0.0,0.0,0.0,0.0,0.0,0.0,0.0,0.0,0.0
295,ISAKSSON_K_2020_INSTITUTIONAL_CAPACITY_TO,1.0,0.0,1.0,0.0,0.0,0.0,0.0,1.0,0.0,0.0
296,WESTSKOG_H_2020_SHARING_AMONG_NEIGHBOURS,1.0,0.0,0.0,0.0,0.0,0.0,0.0,0.0,0.0,0.0
297,TORRENS_J_2019_SEEDBEDS_HARBOURS_AND_B,1.0,0.0,0.0,0.0,0.0,0.0,1.0,1.0,0.0,0.0
298,RAVEN_R_2021_HOUSEHOLDS_IN_SUSTAINABIL,0.0,0.0,0.0,0.0,0.0,0.0,0.0,0.0,0.0,0.0
299,WILKINSON_S_2020_HISTORICAL_TRANSITIONS_OF,1.0,0.0,0.0,0.0,0.0,0.0,0.0,1.0,0.0,0.0
300,LAZAREVIC_D_2020_NICHE_POLITICS_BIOGAS_T,1.0,0.0,0.0,0.0,0.0,0.0,1.0,1.0,0.0,0.0
301,BRISBOIS_MC_2020_SHIFTING_POLITICAL_POWER,0.0,1.0,1.0,0.0,0.0,0.0,0.0,0.0,1.0,0.0
302,MARTISKAINEN_M_2018_CREATING_INNOVATIVE_ZERO,1.0,0.0,0.0,0.0,1.0,0.0,0.0,0.0,0.0,1.0
303,NOAILLY_J_2017_KNOWLEDGE_SPILLOVERS_FROM,0.0,0.0,0.0,0.0,0.0,1.0,0.0,0.0,0.0,1.0
304,WIRTH_S_2013_INFORMAL_INSTITUTIONS_MAT,0.0,0.0,0.0,0.0,0.0,0.0,0.0,0.0,0.0,1.0
305,CLAUSEN_J_2019_THE_DIFFUSION_OF_ENVIRONM,0.0,0.0,0.0,0.0,1.0,0.0,0.0,0.0,0.0,1.0
306,HESS_DJ_2018_LOCAL_MATTERS_POLITICAL,0.0,1.0,1.0,0.0,0.0,0.0,0.0,0.0,1.0,0.0
307,LOWES_R_2020_HEATING_IN_GREAT_BRITAIN,0.0,1.0,1.0,0.0,0.0,0.0,0.0,0.0,1.0,0.0
308,ARNING_K_2020_RISK_BENEFIT_PERCEPTIONS,0.0,0.0,0.0,0.0,1.0,1.0,0.0,0.0,0.0,0.0
309,WIECZOREK_AJ_2015_TRANSNATIONAL_LINKAGES_IN,1.0,0.0,0.0,0.0,0.0,0.0,1.0,1.0,0.0,0.0
310,JOHNSON_FX_2014_PIONEER_COUNTRIES_IN_THE,1.0,0.0,0.0,0.0,0.0,0.0,1.0,1.0,0.0,1.0
311,GEELS_FW_2011_THE_MULTI_LEVEL_PERSPECTI,1.0,0.0,1.0,1.0,0.0,0.0,1.0,1.0,0.0,0.0
312,COOK_M_2014_FLUID_TRANSITIONS_TO_MORE,0.0,0.0,0.0,0.0,1.0,0.0,0.0,0.0,0.0,0.0
313,HANSEN_T_2015_THE_GEOGRAPHY_OF_SUSTAINA,1.0,0.0,0.0,1.0,0.0,0.0,1.0,1.0,0.0,0.0
314,PRENDEVILLE_S_2018_CIRCULAR_CITIES_MAPPING,1.0,0.0,0.0,0.0,0.0,0.0,0.0,0.0,0.0,0.0
315,HANSEN_UE_2013_TRANSNATIONAL_LINKAGES_AN,1.0,0.0,0.0,0.0,0.0,0.0,0.0,1.0,0.0,0.0
316,BERKA_AL_2020_EXPLAINING_INCLUSIVITY_IN,0.0,0.0,0.0,0.0,1.0,0.0,0.0,0.0,0.0,0.0
317,MURPHY_JT_2015_HUMAN_GEOGRAPHY_AND_SOCIO,1.0,0.0,0.0,0.0,0.0,0.0,1.0,1.0,0.0,1.0
318,HUTTUNEN_S_2014_THE_NEED_FOR_POLICY_COHER,0.0,1.0,0.0,0.0,0.0,0.0,0.0,0.0,0.0,1.0
319,BERTHEAU_P_2020_CHALLENGES_FOR_IMPLEMENTI,0.0,0.0,0.0,0.0,0.0,0.0,0.0,0.0,0.0,0.0
320,NUVOLARI_A_2019_UNDERSTANDING_SUCCESSIVE,0.0,0.0,0.0,0.0,0.0,0.0,0.0,0.0,0.0,1.0
321,FRENKEN_K_2012_BRANCHING_INNOVATION_REC,0.0,0.0,0.0,0.0,0.0,1.0,0.0,0.0,0.0,1.0
322,OSAZUWA_PETERS_M_2020_SASKATCHEWAN_S_ENERGY_FUT,0.0,0.0,0.0,0.0,0.0,1.0,0.0,0.0,0.0,0.0
323,LONGHURST_N_2015_TOWARDS_AN_ALTERNATIVE,1.0,0.0,0.0,0.0,0.0,0.0,1.0,1.0,0.0,0.0
324,DE_OLIVEIRA_LGS_2020_A_MECHANISM_BASED_EXPLANA,0.0,0.0,0.0,0.0,0.0,0.0,0.0,0.0,0.0,1.0
325,RANDELLI_F_2017_ANALYSING_THE_ROLE_OF_CON,0.0,0.0,0.0,0.0,0.0,0.0,1.0,0.0,0.0,1.0
326,SCHWABE_J_2020_THE_EVOLUTION_OF_COOPERAT,1.0,0.0,0.0,0.0,0.0,0.0,0.0,1.0,0.0,0.0
327,SUSUR_E_2021_A_REFLEXIVE_PERSPECTIVE_F,0.0,0.0,0.0,0.0,0.0,0.0,0.0,1.0,0.0,0.0
328,RAVEN_R_2016_NICHE_CONSTRUCTION_AND_EM,1.0,0.0,0.0,0.0,0.0,0.0,1.0,1.0,0.0,0.0
329,LIN_X_2020_INTER_NICHE_COMPETITION_O,1.0,0.0,0.0,0.0,0.0,0.0,0.0,1.0,0.0,0.0
330,HEYEN_DA_2021_SPILLOVERS_BETWEEN_POLICY,0.0,1.0,1.0,0.0,0.0,0.0,0.0,0.0,1.0,0.0
331,PRICE_OM_2020_FINDING_CONVERGENCE_ECON,1.0,0.0,0.0,0.0,1.0,0.0,0.0,0.0,0.0,0.0
332,PAPACHRISTOS_G_2019_SYSTEM_DYNAMICS_MODELLING,0.0,0.0,0.0,0.0,0.0,1.0,0.0,0.0,0.0,0.0
333,LALAND_KN_2014_NICHE_CONSTRUCTION_INNOV,1.0,0.0,0.0,0.0,0.0,0.0,0.0,1.0,0.0,0.0
334,FORREST_N_2014_LEARNING_FROM_SUCCESS_T,0.0,0.0,0.0,0.0,0.0,0.0,0.0,1.0,0.0,0.0
335,BINZ_C_2018_UNRELATED_DIVERSIFICATION,0.0,0.0,0.0,0.0,1.0,0.0,0.0,0.0,0.0,1.0
336,HEISKANEN_E_2018_INCUMBENT_ENERGY_COMPANIE,0.0,0.0,0.0,0.0,0.0,0.0,0.0,0.0,0.0,0.0
337,VASQUEZ_DELSOLAR_M_2021_SOCIAL_ENTERPRISES_TOWARD,1.0,0.0,0.0,0.0,0.0,0.0,0.0,1.0,0.0,0.0
338,HANSON_J_2018_ESTABLISHED_INDUSTRIES_AS,0.0,0.0,0.0,0.0,0.0,0.0,1.0,0.0,0.0,1.0
339,WITTMAYER_JM_2017_ACTOR_ROLES_IN_TRANSITION,1.0,0.0,1.0,0.0,0.0,0.0,0.0,1.0,0.0,0.0
340,QUITZOW_R_2014_THE_CONCEPT_OF_LEAD_MARK,0.0,0.0,0.0,0.0,0.0,0.0,1.0,1.0,0.0,1.0
341,BOSMAN_R_2014_DISCURSIVE_REGIME_DYNAMIC,0.0,1.0,1.0,0.0,0.0,0.0,0.0,0.0,1.0,0.0
342,VAN_DER_LOOS_HZA_2020_INTERNATIONAL_MARKETS_AND,0.0,0.0,0.0,0.0,1.0,0.0,0.0,0.0,0.0,1.0
343,MORAIS_MOURATO_J_2019_COMMUNITY_BASED_INITIATIV,0.0,1.0,1.0,0.0,0.0,0.0,0.0,0.0,1.0,0.0
344,VAN_WELIE_MJ_2019_INNOVATION_CHALLENGES_OF,0.0,0.0,0.0,0.0,1.0,0.0,0.0,0.0,0.0,1.0
345,NASTAR_M_2012_TRANSITION_IN_SOUTH_AFRIC,0.0,0.0,1.0,0.0,0.0,0.0,0.0,0.0,0.0,0.0
346,NAIDOO_CP_2020_RELATING_FINANCIAL_SYSTEM,0.0,0.0,0.0,0.0,0.0,0.0,0.0,0.0,0.0,0.0
347,MCKEE_D_2017_NEOLIBERALISM_AND_THE_LEG,0.0,1.0,0.0,0.0,0.0,0.0,0.0,0.0,1.0,0.0
348,EDMONDSON_DL_2020_ZERO_CARBON_HOMES_IN_THE,0.0,1.0,0.0,0.0,0.0,0.0,0.0,0.0,1.0,0.0
349,HOBSON_K_2018_SYSTEMS_OF_PRACTICE_AND_T,0.0,0.0,0.0,0.0,1.0,0.0,0.0,0.0,0.0,0.0
350,HTTE_K_2020_THE_ECONOMICS_OF_TRANSITI,0.0,1.0,0.0,0.0,0.0,0.0,0.0,0.0,0.0,0.0
351,VAN_DER_JAGT_APN_2020_NATURE_BASED_INNOVATION_S,0.0,0.0,0.0,0.0,0.0,0.0,1.0,0.0,0.0,1.0
352,ANDERSEN_AD_2020_THE_ROLE_OF_INTER_SECTORA,0.0,1.0,0.0,0.0,0.0,0.0,0.0,1.0,0.0,0.0
353,LOSACKER_S_2020_REGIONAL_LEAD_MARKETS_FOR,0.0,0.0,0.0,0.0,0.0,0.0,1.0,0.0,0.0,1.0
354,HALEY_B_2017_DESIGNING_THE_PUBLIC_SECT,0.0,1.0,0.0,0.0,0.0,0.0,0.0,0.0,1.0,1.0
355,MARKARD_J_2016_SOCIO_TECHNICAL_TRANSITIO,0.0,1.0,1.0,0.0,0.0,0.0,0.0,0.0,1.0,0.0
356,HERNNDEZ_PALACIO_F_2017_A_TRANSITION_TO_A_DENSER,1.0,0.0,0.0,0.0,0.0,0.0,0.0,1.0,0.0,0.0
357,YANG_K_2020_EXPECTATION_DYNAMICS_AND,1.0,0.0,0.0,1.0,0.0,0.0,1.0,1.0,0.0,0.0
358,UPHAM_P_2015_ADDRESSING_SOCIAL_REPRESE,0.0,0.0,0.0,0.0,0.0,0.0,0.0,1.0,0.0,0.0
359,FISCHER_K_2021_NO_LEGITIMACY_A_STUDY_OF,1.0,0.0,0.0,0.0,1.0,0.0,0.0,0.0,0.0,0.0
360,LIEBERHERR_E_2015_THE_IMPACT_OF_PRIVATIZATI,0.0,0.0,0.0,0.0,1.0,0.0,0.0,0.0,0.0,1.0
361,SILLAK_S_2020_GLOBAL_PRESSURES_VS_LOCA,0.0,0.0,0.0,0.0,0.0,0.0,0.0,1.0,1.0,0.0
362,ARAPOSTATHIS_S_2019_STEERING_THE_C_DAY_INSIG,0.0,1.0,0.0,0.0,0.0,1.0,0.0,0.0,0.0,0.0
363,HOES_AC_2016_COMMUNICATING_TENSIONS_AM,1.0,0.0,0.0,0.0,0.0,0.0,0.0,0.0,0.0,0.0
364,WATSON_A_2021_DESIGNING_LOW_CARBON_INNO,0.0,0.0,0.0,0.0,1.0,0.0,0.0,0.0,0.0,1.0
365,NSS_P_2012_SUSTAINABLE_URBAN_DEVELOP,1.0,0.0,0.0,1.0,0.0,0.0,1.0,1.0,0.0,0.0
366,HAUKKALA_T_2018_A_STRUGGLE_FOR_CHANGETHE,0.0,1.0,1.0,0.0,0.0,0.0,0.0,0.0,1.0,0.0
367,COHEN_N_2015_TRANSITIONING_THE_FOOD_SY,1.0,0.0,0.0,0.0,0.0,0.0,0.0,1.0,0.0,0.0
368,BENTO_N_2016_MEASURING_THE_DURATION_OF,0.0,0.0,0.0,0.0,1.0,1.0,0.0,0.0,0.0,1.0
369,BUSH_J_2020_THE_ROLE_OF_LOCAL_GOVERNM,1.0,0.0,0.0,0.0,0.0,0.0,0.0,1.0,0.0,0.0
370,VAN_RIJNSOEVER_FJ_2020_A_PRACTICAL_TOOL_FOR_ANAL,0.0,0.0,0.0,0.0,1.0,0.0,0.0,0.0,0.0,0.0
371,WEN_B_2015_TRANSITIONS_IN_URBAN_WATE,0.0,0.0,0.0,0.0,0.0,0.0,0.0,0.0,0.0,0.0
